specialization,fees,avg_rate,waiting_time,clinic_location,rate_count
Physiotherapist,65 EGP,5,Waiting Time : 15 Minutes,El-Mansoura,From 16 Visitors
Dermatologist,200 EGP,4.5,Waiting Time : 35 Minutes,El-Ibrahimia,From 68 Visitors
Orthopedist,250 EGP,4.5,Waiting Time : 31 Minutes,6th of October,From 29 Visitors
Gynecologist,150 EGP,,null,El-Haram,null
Dermatologist,200 EGP,5,Waiting Time : 20 Minutes,Nasr City,From 90 Visitors
Pediatrician,450 EGP,,null,El-Dokki,null
Pediatrician,450 EGP,,null,El-Dokki,null
Cardiologist,450 EGP,,null,El-Dokki,null
Gynecologist,350 EGP,4.5,Waiting Time : 12 Minutes,6th of October,From 27 Visitors
Pediatrician,400 EGP,,null,Yousef Abbas,null
General Surgeon,500 EGP,4.5,Waiting Time : 12 Minutes,El-Maadi : Zahraa El Maadi Road Carefour,From 115 Visitors
Urologist,400 EGP,5,Waiting Time : 5 Minutes,Nasr City,From 949 Visitors
Neurosurgeon,500 EGP,5,Waiting Time : 1 Hour and 30 Minutes,Nasr City,From 94 Visitors
Gynecologist,200 EGP,5,Waiting Time : 42 Minutes,Shoubra El-Kheima : 15th may,From 46 Visitors
General Surgeon,200 EGP,4.5,Waiting Time : 6 Minutes,Moharam Bek : moharam bek,From 44 Visitors
Gynecologist,500 EGP,5,Waiting Time : 15 Minutes,El-Mohandessin : el Sudan Street,From 43 Visitors
Urologist,450 EGP,,null,El-Dokki,null
Nephrologist,350 EGP,5,Waiting Time : 8 Minutes,Nasr City : Zaker Hussien Street-District 7,From 4 Visitors
Neurologist,450 EGP,,null,El-Dokki,null
Pediatrician,350 EGP,5,Waiting Time : 9 Minutes,Nasr City : Ibrahim Nawar parallel to Ahmed Fakhry - Sixth Region.,From 10 Visitors
Physiotherapist,150 EGP,4.5,Waiting Time : 10 Minutes,Shoubra El-Kheima,From 24 Visitors
ENT Doctor,170 EGP,5,Waiting Time : 14 Minutes,El-Zagazig : al kwmya street,From 332 Visitors
Ophthalmologist,200 EGP,5,Waiting Time : 43 Minutes,Shoubra,From 374 Visitors
Nephrologist,400 EGP,5,Waiting Time : 1 Hour and 10 Minutes,New Cairo : beside new cairo court,From 740 Visitors
Internist,210 EGP,4.5,Waiting Time : 31 Minutes,El-Mansoura : sandob square,From 66 Visitors
ENT Doctor,300 EGP,4.5,Waiting Time : 3 Hours and 59 Minutes,El-Mokattam : Street 9,From 309 Visitors
General Surgeon,300 EGP,4.5,Waiting Time : 7 Minutes,El-Sheikh Zayed : Mouez plaza-,From 113 Visitors
Internist,220 EGP,5,Waiting Time : 16 Minutes,Tanta : Elmoderya st,From 130 Visitors
Cardiothoracic Surgeon,500 EGP,,null,El-Giza : Morad street,null
Cardiologist,200 EGP,5,Waiting Time : 37 Minutes,"Shoubra El-Kheima : 15 May, St.",From 52 Visitors
Internist,250 EGP,4,Waiting Time : 4 Hours and 34 Minutes,El-Zaitoun : Seliem El Awal,From 113 Visitors
Physiotherapist,65 EGP,5,Waiting Time : 15 Minutes,El-Mansoura,From 16 Visitors
Dermatologist,200 EGP,4.5,Waiting Time : 35 Minutes,El-Ibrahimia,From 68 Visitors
Orthopedist,250 EGP,4.5,Waiting Time : 31 Minutes,6th of October,From 29 Visitors
Gynecologist,150 EGP,,null,El-Haram,null
Dermatologist,200 EGP,5,Waiting Time : 20 Minutes,Nasr City,From 90 Visitors
ENT Doctor,280 EGP,4.5,Waiting Time : 25 Minutes,Hadayek El-Ahram,From 787 Visitors
ENT Doctor,200 EGP,4.5,Waiting Time : 9 Minutes,El-Abbasia,From 256 Visitors
Cardiologist,400 EGP,4,Waiting Time : 8 Minutes,El-Mohandessin : ahmed orabi,From 18 Visitors
Psychiatrist,400 EGP,4,Waiting Time : 14 Minutes,El-Mokattam,From 280 Visitors
Dentist,250 EGP,5,Waiting Time : 20 Minutes,El-Maadi : 77 Street Extension - Arab El Maadi,From 147 Visitors
Ophthalmologist,150 EGP,4.5,Waiting Time : 30 Minutes,Faisal : faisal main street,From 725 Visitors
Endocrinologist,400 EGP,4.5,Waiting Time : 39 Minutes,New Cairo,From 540 Visitors
Rheumatologist,300 EGP,4.5,Waiting Time : 24 Minutes,Nasr City : Ahmed qasim branched from abbas elakaad,From 163 Visitors
Orthopedist,200 EGP,4.5,Waiting Time : 33 Minutes,"Sidy Bishr : 196 Gamal Abdelnasser st, - Beside Baba Sharo.",From 280 Visitors
Physiotherapist,150 EGP,4.5,Waiting Time : 15 Minutes,Faisal : Huda Mosque Street,From 29 Visitors
Physiotherapist,250 EGP,4.5,Waiting Time : 8 Minutes,Nasr City : metwally el shaarawy,From 27 Visitors
Ophthalmologist,130 EGP,5,Waiting Time : 40 Minutes,Miamy,From 1537 Visitors
Gynecologist,80 EGP,4.5,Waiting Time : 19 Minutes,Faisal : king Faisal Street,From 1564 Visitors
Dermatologist,250 EGP,4.5,Waiting Time : 1 Hour and 36 Minutes,Faisal : gendia  mall _eltawabek,From 373 Visitors
ENT Doctor,210 EGP,4.5,Waiting Time : 22 Minutes,El-Mansoura : gehan,From 555 Visitors
Internist,160 EGP,4.5,Waiting Time : 17 Minutes,El-Zagazig : mahmoud hashem street-Kawmya,From 131 Visitors
Cardiologist,150 EGP,4.5,Waiting Time : 45 Minutes,El-Mansoura : salah salem street,From 169 Visitors
Neurologist,300 EGP,4.5,Waiting Time : 35 Minutes,El-Dokki : Wezaret El Zeraa Street,From 597 Visitors
Dentist,100 EGP,4.5,Waiting Time : 24 Minutes,Faisal : 106 king fisal above ahli bank front of vodafone maryotya,From 209 Visitors
Dentist,70 EGP,4,Waiting Time : 1 Hour,Sidy Bishr,From 428 Visitors
Dentist,300 EGP,4.5,Waiting Time : 5 Minutes,New Cairo : 90,From 84 Visitors
Physiotherapist,300 EGP,4.5,Waiting Time : 8 Minutes,Hadayek El-Ahram : Fifth North Street after Menkaure Gate,From 65 Visitors
Dentist,150 EGP,4.5,Waiting Time : 22 Minutes,Shoubra : shikolany,From 362 Visitors
Dentist,120 EGP,4.5,Waiting Time : 24 Minutes,Assiut city : yousry ragheb extention,From 178 Visitors
Dentist,200 EGP,4,Waiting Time : 17 Minutes,El-Sayeda Zainab : A Elkasr Eleini,From 61 Visitors
Physiotherapist,100 EGP,4.5,Waiting Time : 14 Minutes,Sidy Bishr : Alaman st. from sidi Beshr mosque st.,From 176 Visitors
Gastroenterologist,300 EGP,5,Waiting Time : 29 Minutes,El-Maadi,From 683 Visitors
Physiotherapist,65 EGP,5,Waiting Time : 15 Minutes,El-Mansoura,From 16 Visitors
Dermatologist,200 EGP,4.5,Waiting Time : 35 Minutes,El-Ibrahimia,From 68 Visitors
Orthopedist,250 EGP,4.5,Waiting Time : 31 Minutes,6th of October,From 29 Visitors
Gynecologist,150 EGP,,null,El-Haram,null
Dermatologist,200 EGP,5,Waiting Time : 20 Minutes,Nasr City,From 90 Visitors
Plastic Surgeon,200 EGP,4,Waiting Time : 23 Minutes,El-Zagazig,From 177 Visitors
Internist,160 EGP,4.5,Waiting Time : 17 Minutes,El-Zagazig : mahmoud hashem street-Kawmya,From 131 Visitors
Pulmonologist,300 EGP,4.5,Waiting Time : 29 Minutes,El-Mokattam,From 510 Visitors
Dermatologist,250 EGP,4.5,Waiting Time : 1 Hour and 36 Minutes,Faisal : gendia  mall _eltawabek,From 373 Visitors
Neurologist,300 EGP,4.5,Waiting Time : 35 Minutes,El-Dokki : Wezaret El Zeraa Street,From 597 Visitors
Dentist,100 EGP,4.5,Waiting Time : 7 Minutes,"El-Zagazig : ,  El Obour Bridge extension",From 191 Visitors
Dentist,100 EGP,4.5,Waiting Time : 18 Minutes,Shoubra : shoubra street,From 28 Visitors
Dentist,150 EGP,4,Waiting Time : 21 Minutes,El-Fayoum city,From 115 Visitors
Physiotherapist,300 EGP,4.5,Waiting Time : 8 Minutes,Hadayek El-Ahram : Fifth North Street after Menkaure Gate,From 65 Visitors
Dentist,300 EGP,4.5,Waiting Time : 5 Minutes,New Cairo : 90,From 84 Visitors
Dentist,120 EGP,4.5,Waiting Time : 24 Minutes,Assiut city : yousry ragheb extention,From 178 Visitors
Dentist,70 EGP,4,Waiting Time : 1 Hour,Sidy Bishr,From 428 Visitors
Dentist,200 EGP,4.5,Waiting Time : 8 Minutes,Heliopolis : othman ibn affan,From 32 Visitors
Dentist,100 EGP,4.5,Waiting Time : 16 Minutes,Tanta : saeed with omar abd el3aziz,From 117 Visitors
Dentist,150 EGP,4.5,Waiting Time : 22 Minutes,Shoubra : shikolany,From 362 Visitors
Dentist,100 EGP,4.5,Waiting Time : 20 Minutes,El-Mokattam,From 153 Visitors
Dentist,100 EGP,4.5,Waiting Time : 24 Minutes,Faisal : 106 king fisal above ahli bank front of vodafone maryotya,From 209 Visitors
Dentist,200 EGP,4,Waiting Time : 17 Minutes,El-Sayeda Zainab : A Elkasr Eleini,From 61 Visitors
Urologist,120 EGP,4.5,Waiting Time : 9 Minutes,El-Zagazig : next to sednawy hospital,From 1181 Visitors
Orthopedist,250 EGP,4.5,Waiting Time : 12 Minutes,Hadayek El-Ahram : Gardenia Street,From 65 Visitors
Gynecologist,250 EGP,4.5,Waiting Time : 5 Minutes,6th of October,From 294 Visitors
Physiotherapist,200 EGP,4.5,Waiting Time : 14 Minutes,New Cairo : El Narges Services Area,From 243 Visitors
Physiotherapist,100 EGP,4.5,Waiting Time : 14 Minutes,Sidy Bishr : Alaman st. from sidi Beshr mosque st.,From 176 Visitors
Dentist,150 EGP,4.5,Waiting Time : 10 Minutes,El-Mansoura,From 256 Visitors
Dentist,150 EGP,4.5,Waiting Time : 30 Minutes,Nasr City :  Mohamed Almakreif,From 206 Visitors
Dentist,300 EGP,4.5,Waiting Time : 10 Minutes,Madinaty : Medical Center,From 107 Visitors
Orthopedist,250 EGP,4.5,Waiting Time : 28 Minutes,Hadayek El-Ahram : elgish street,From 324 Visitors
Gynecologist,200 EGP,4.5,Waiting Time : 24 Minutes,El-Maadi : carrefour road,From 982 Visitors
Audiologist,300 EGP,4.5,Waiting Time : 18 Minutes,Faisal : fisal street,From 121 Visitors
Dentist,100 EGP,4,Waiting Time : 18 Minutes,"Sidy Bishr : 41 Albekbashy Elesawy st., in front of the Computer Mall.",From 74 Visitors
Physiotherapist,65 EGP,5,Waiting Time : 15 Minutes,El-Mansoura,From 16 Visitors
Dermatologist,200 EGP,4.5,Waiting Time : 35 Minutes,El-Ibrahimia,From 68 Visitors
Orthopedist,250 EGP,4.5,Waiting Time : 31 Minutes,6th of October,From 29 Visitors
Gynecologist,150 EGP,,null,El-Haram,null
Dermatologist,200 EGP,5,Waiting Time : 20 Minutes,Nasr City,From 90 Visitors
Pulmonologist,450 EGP,,null,El-Dokki,null
Physiotherapist,300 EGP,,null,El-Dokki : Tiba St from Gamaet Dwol,null
Dentist,150 EGP,5,Waiting Time : 8 Minutes,"Heliopolis : Ahmed el Dardiry, Ard El Golf",From 3 Visitors
Gynecologist,400 EGP,,null,El-Dokki,null
Dentist,100 EGP,,null,6-Oct,null
Gynecologist,250 EGP,5,Waiting Time : 8 Minutes,El-Manyal : Elmanial street,From 9 Visitors
Pediatrician,450 EGP,,null,El-Dokki,null
Gynecologist,300 EGP,4.5,Waiting Time : 16 Minutes,Alharam street,From 36 Visitors
Hematologist,400 EGP,4.5,Waiting Time : 48 Minutes,Tanta : El-Geish St.  with Al-Galaa st. Al-Awkaf tower .,From 37 Visitors
Endocrinologist,400 EGP,4.5,Waiting Time : 48 Minutes,Faisal : Faisal First,From 90 Visitors
Dentist,100 EGP,4.5,Waiting Time : 12 Minutes,6th of October : in front of wadi degla club,From 140 Visitors
Internist,400 EGP,4.5,Waiting Time : 29 Minutes,Heliopolis : -behind Miliatry College,From 262 Visitors
Psychiatrist,350 EGP,4.5,Waiting Time : 1 Hour and 54 Minutes,Faisal,From 109 Visitors
Cardiologist,220 EGP,4.5,Waiting Time : 17 Minutes,El-Mansoura : Marinet Mubarak Madina Monawara st.,From 49 Visitors
General Surgeon,150 EGP,4.5,Waiting Time : 7 Minutes,Helwan,From 67 Visitors
Endocrinologist,200 EGP,4.5,Waiting Time : 28 Minutes,El-Haram : Station Mashaal,From 337 Visitors
Gynecologist,300 EGP,5,Waiting Time : 20 Minutes,Hadayek El-Ahram : z,From 3 Visitors
Pediatrician,300 EGP,4.5,Waiting Time : 13 Minutes,Alharam street,From 53 Visitors
Internist,500 EGP,4,Waiting Time : 10 Minutes,El-Rehab : Medical Complex 1,From 225 Visitors
Rheumatologist,450 EGP,4.5,Waiting Time : 16 Minutes,Heliopolis : hassan aflaton,From 35 Visitors
Dentist,200 EGP,5,Waiting Time : 5 Minutes,90 Street,From 8 Visitors
Gynecologist,300 EGP,4.5,Waiting Time : 8 Minutes,Faisal : King Faisal,From 12 Visitors
Dentist,350 EGP,,null,Naguib mahfouz,null
Cardiologist,250 EGP,5,Waiting Time : 7 Minutes,El-Mansoura : el gomhoria street,From 40 Visitors
Gynecologist,280 EGP,4.5,Waiting Time : 18 Minutes,Shoubra El-Kheima,From 16 Visitors
Cardiologist,150 EGP,4.5,Waiting Time : 10 Minutes,Menouf,From 12 Visitors
General Surgeon,400 EGP,4.5,Waiting Time : 8 Minutes,El-Sheikh Zayed : twin tower -,From 134 Visitors
Nutritionist,250 EGP,4.5,Waiting Time : 6 Minutes,El-Obour City : 9th district,From 46 Visitors
Physiotherapist,65 EGP,5,Waiting Time : 15 Minutes,El-Mansoura,From 16 Visitors
Dermatologist,200 EGP,4.5,Waiting Time : 35 Minutes,El-Ibrahimia,From 68 Visitors
Orthopedist,250 EGP,4.5,Waiting Time : 31 Minutes,6th of October,From 29 Visitors
Gynecologist,150 EGP,,null,El-Haram,null
Dermatologist,200 EGP,5,Waiting Time : 20 Minutes,Nasr City,From 90 Visitors
Psychiatrist,400 EGP,4.5,Waiting Time : 57 Minutes,Mahatet El-Raml,From 110 Visitors
Nutritionist,500 EGP,,null,El-Dokki,null
Pulmonologist,350 EGP,5,Waiting Time : 8 Minutes,Khamseen Street (Carrefour extension) - Zahraa AlMaadi,From 19 Visitors
Orthopedist,400 EGP,,null,"Ali Amin Street, Al Manteqah Al Oula",null
Pulmonologist,500 EGP,,null,El-Dokki,null
Pediatrician,500 EGP,4.5,Waiting Time : 47 Minutes,El-Dokki : Tahrir Street-infront Of Asad Abn Elfourat mosque,From 18 Visitors
Pediatrician,150 EGP,4.5,Waiting Time : 13 Minutes,6-Oct,From 87 Visitors
Ophthalmologist,350 EGP,5,Waiting Time : 21 Minutes,Nasr City,From 13 Visitors
Internist,500 EGP,4,Waiting Time : 10 Minutes,El-Rehab : Medical Complex 1,From 225 Visitors
Rheumatologist,450 EGP,4.5,Waiting Time : 16 Minutes,Heliopolis : hassan aflaton,From 35 Visitors
Dentist,200 EGP,5,Waiting Time : 5 Minutes,90 Street,From 8 Visitors
Gynecologist,300 EGP,4.5,Waiting Time : 8 Minutes,Faisal : King Faisal,From 12 Visitors
Dentist,350 EGP,,null,Naguib mahfouz,null
Cardiologist,250 EGP,5,Waiting Time : 7 Minutes,El-Mansoura : el gomhoria street,From 40 Visitors
Gynecologist,280 EGP,4.5,Waiting Time : 18 Minutes,Shoubra El-Kheima,From 16 Visitors
Cardiologist,150 EGP,4.5,Waiting Time : 10 Minutes,Menouf,From 12 Visitors
General Surgeon,400 EGP,4.5,Waiting Time : 8 Minutes,El-Sheikh Zayed : twin tower -,From 134 Visitors
Nutritionist,250 EGP,4.5,Waiting Time : 6 Minutes,El-Obour City : 9th district,From 46 Visitors
Dentist,100 EGP,,null,6-Oct,null
Surgical Oncologist,400 EGP,5,Waiting Time : 58 Minutes,micheel bakhoum,From 4 Visitors
Dermatologist,180 EGP,4.5,Waiting Time : 18 Minutes,Miamy : gamal abdelnasser,From 95 Visitors
Orthopedist,300 EGP,5,Waiting Time : 19 Minutes,El-Dokki,From 12 Visitors
Dermatologist,110 EGP,4.5,Waiting Time : 24 Minutes,Aga : elgalaa street,From 28 Visitors
Physiotherapist,120 EGP,4.5,Waiting Time : 18 Minutes,Banha : El Ashraf Street,From 37 Visitors
Dermatologist,150 EGP,4.5,Waiting Time : 45 Minutes,Moharam Bek : moharm bek st,From 376 Visitors
Internist,400 EGP,4,Waiting Time : 17 Minutes,West El-Balad : kasr el neil st,From 164 Visitors
Dentist,100 EGP,4.5,Waiting Time : 12 Minutes,6th of October : in front of wadi degla club,From 140 Visitors
Psychiatrist,350 EGP,4.5,Waiting Time : 1 Hour and 54 Minutes,Faisal,From 109 Visitors
Physiotherapist,65 EGP,5,Waiting Time : 15 Minutes,El-Mansoura,From 16 Visitors
Dermatologist,200 EGP,4.5,Waiting Time : 35 Minutes,El-Ibrahimia,From 68 Visitors
Orthopedist,250 EGP,4.5,Waiting Time : 31 Minutes,6th of October,From 29 Visitors
Gynecologist,150 EGP,,null,El-Haram,null
Dermatologist,200 EGP,5,Waiting Time : 20 Minutes,Nasr City,From 90 Visitors
Endocrinologist,200 EGP,4.5,Waiting Time : 28 Minutes,El-Haram : Station Mashaal,From 337 Visitors
Cardiologist,300 EGP,5,Waiting Time : 13 Minutes,El-Mokattam : Middle Hadaba,From 81 Visitors
Gynecologist,180 EGP,4.5,Waiting Time : 13 Minutes,El-Mansoura :  hamza ebn abdelmotleb street,From 176 Visitors
Internist,270 EGP,4.5,Waiting Time : 8 Minutes,El-Mansoura : abdo maarof street,From 35 Visitors
General Surgeon,300 EGP,5,Waiting Time : 2 Minutes,"Hurghada City : Mohamed Said St. (Metro), El Kawther",From 6 Visitors
Gynecologist,500 EGP,5,Waiting Time : 28 Minutes,El-Dokki : Mosdak Street,From 14 Visitors
General Surgeon,400 EGP,4.5,Waiting Time : 8 Minutes,El-Sheikh Zayed : twin tower -,From 134 Visitors
Internist,500 EGP,4,Waiting Time : 10 Minutes,El-Rehab : Medical Complex 1,From 225 Visitors
Cardiologist,300 EGP,5,Waiting Time : 11 Minutes,Sporting : Ahmed Allam st from elHorya Road,From 43 Visitors
Gastroenterologist,500 EGP,4.5,Waiting Time : 18 Minutes,Fifth Settlement Medical Center,From 593 Visitors
Cardiologist,220 EGP,4.5,Waiting Time : 17 Minutes,El-Mansoura : Marinet Mubarak Madina Monawara st.,From 49 Visitors
Dentist,100 EGP,4.5,Waiting Time : 12 Minutes,6th of October : in front of wadi degla club,From 140 Visitors
Psychiatrist,350 EGP,4.5,Waiting Time : 1 Hour and 54 Minutes,Faisal,From 109 Visitors
Internist,200 EGP,4.5,Waiting Time : 28 Minutes,Mahalla : Talaat Harb street,From 12 Visitors
Gynecologist,350 EGP,4.5,Waiting Time : 14 Minutes,Faisal street,From 407 Visitors
Psychiatrist,210 EGP,4.5,Waiting Time : 43 Minutes,Mahalla,From 207 Visitors
General Surgeon,150 EGP,5,Waiting Time : 7 Minutes,El-Agamy : Goweida moftah street,From 17 Visitors
Internist,450 EGP,,null,El-Dokki,null
Dermatologist,110 EGP,4.5,Waiting Time : 24 Minutes,Aga : elgalaa street,From 28 Visitors
Physiotherapist,300 EGP,,null,Heliopolis : Elmontazah St from ElHegaz St,null
Dentist,150 EGP,4.5,Waiting Time : 26 Minutes,Maadi Ring Road,From 11 Visitors
Gynecologist,300 EGP,5,Waiting Time : 20 Minutes,Hadayek El-Ahram : z,From 3 Visitors
Cardiologist,450 EGP,,null,El-Dokki,null
Orthopedist,250 EGP,5,Waiting Time : 7 Minutes,El-Giza : Hamadan,From 5 Visitors
Internist,250 EGP,4.5,Waiting Time : 9 Hours and 7 Minutes,6th of October : al mehwar al markzi,From 28 Visitors
Dentist,300 EGP,4.5,Waiting Time : 23 Minutes,Nasr City,From 38 Visitors
Internist,200 EGP,4,Waiting Time : 12 Minutes,6-Oct,From 66 Visitors
Pediatrician,350 EGP,4.5,Waiting Time : 8 Minutes,Heliopolis,From 66 Visitors
Physiotherapist,65 EGP,5,Waiting Time : 15 Minutes,El-Mansoura,From 16 Visitors
Dermatologist,200 EGP,4.5,Waiting Time : 35 Minutes,El-Ibrahimia,From 68 Visitors
Orthopedist,250 EGP,4.5,Waiting Time : 31 Minutes,6th of October,From 29 Visitors
Gynecologist,150 EGP,,null,El-Haram,null
Dermatologist,200 EGP,5,Waiting Time : 20 Minutes,Nasr City,From 90 Visitors
General Surgeon,150 EGP,4.5,Waiting Time : 7 Minutes,Helwan,From 67 Visitors
Gynecologist,350 EGP,4.5,Waiting Time : 14 Minutes,Faisal street,From 407 Visitors
Internist,200 EGP,4.5,Waiting Time : 28 Minutes,Mahalla : Talaat Harb street,From 12 Visitors
Psychiatrist,210 EGP,4.5,Waiting Time : 43 Minutes,Mahalla,From 207 Visitors
Internist,200 EGP,4.5,Waiting Time : 10 Minutes,El-Ibrahimia,From 148 Visitors
Ophthalmologist,150 EGP,5,Waiting Time : 10 Minutes,El-Zagazig : tolba eweda street infront of salah salem hospital above lcwikiki,From 174 Visitors
Pediatrician,300 EGP,4.5,Waiting Time : 13 Minutes,Alharam street,From 53 Visitors
Internist,450 EGP,,null,El-Dokki,null
Gynecologist,300 EGP,4.5,Waiting Time : 4 Minutes,Heliopolis,From 62 Visitors
Internist,400 EGP,4.5,Waiting Time : 29 Minutes,Heliopolis : -behind Miliatry College,From 262 Visitors
Dermatologist,110 EGP,4.5,Waiting Time : 24 Minutes,Aga : elgalaa street,From 28 Visitors
Physiotherapist,300 EGP,,null,Heliopolis : Elmontazah St from ElHegaz St,null
Dentist,150 EGP,4.5,Waiting Time : 26 Minutes,Maadi Ring Road,From 11 Visitors
Gynecologist,300 EGP,5,Waiting Time : 20 Minutes,Hadayek El-Ahram : z,From 3 Visitors
Cardiologist,450 EGP,,null,El-Dokki,null
Orthopedist,250 EGP,5,Waiting Time : 7 Minutes,El-Giza : Hamadan,From 5 Visitors
Internist,250 EGP,4.5,Waiting Time : 9 Hours and 7 Minutes,6th of October : al mehwar al markzi,From 28 Visitors
Pediatrician,350 EGP,4.5,Waiting Time : 8 Minutes,Heliopolis,From 66 Visitors
Dentist,300 EGP,4.5,Waiting Time : 15 Minutes,El-Dokki : Musadak Street-Infront Of Dunkin Donuts,From 16 Visitors
Urologist,400 EGP,5,Waiting Time : 11 Minutes,Nasr City : Mostafa elnhas St,From 167 Visitors
Gynecologist,400 EGP,5,Waiting Time : 8 Minutes,El-Maadi : 9th St.,From 5 Visitors
Dentist,300 EGP,4.5,Waiting Time : 23 Minutes,Nasr City,From 38 Visitors
Internist,200 EGP,4,Waiting Time : 12 Minutes,6-Oct,From 66 Visitors
Surgical Oncologist,500 EGP,4,Waiting Time : 18 Minutes,El-Mokattam : 9 street,From 11 Visitors
Cardiologist,600 EGP,5,Waiting Time : 10 Minutes,El-Mohandessin : Alfawakh St,From 3 Visitors
Pediatrician,250 EGP,5,Waiting Time : 5 Minutes,6th of October,From 76 Visitors
Oncologist,400 EGP,5,Waiting Time : 1 Hour and 1 Minute,Tanta : El-Geish st.  with Al- Galaa st.- Al-Awkaf  tower,From 39 Visitors
Nutritionist,350 EGP,5,Waiting Time : 6 Minutes,Hadayek El-Ahram : first entrance of first gate,From 274 Visitors
Dentist,150 EGP,4.5,Waiting Time : 10 Minutes,Hadayek El-Ahram : El Geish street,From 46 Visitors
Dermatologist,300 EGP,4.5,Waiting Time : 12 Minutes,El-Maadi : Al Nasr St. - Gazaer Square,From 412 Visitors
Dentist,100 EGP,4.5,Waiting Time : 20 Minutes,El-Mokattam,From 58 Visitors
Dentist,150 EGP,4.5,Waiting Time : 13 Minutes,"El-Mokattam : Behinde pharmacy college MTI, AlHdba AlWosta",From 171 Visitors
Orthopedist,400 EGP,4.5,Waiting Time : 11 Minutes,El-Rehab,From 20 Visitors
Surgical Oncologist,500 EGP,4,Waiting Time : 18 Minutes,El-Mokattam : 9 street,From 11 Visitors
Hepatologist,550 EGP,4.5,Waiting Time : 1 Hour and 36 Minutes,Heliopolis : botrous ghaly street,From 100 Visitors
Dermatologist,280 EGP,4.5,Waiting Time : 9 Minutes,Hadayek El-Ahram,From 141 Visitors
Dermatologist,300 EGP,4.5,Waiting Time : 12 Minutes,Hadayek El-Ahram,From 204 Visitors
General Surgeon,250 EGP,4.5,Waiting Time : 7 Minutes,6th of October : Borie Plaza 1-Elhossary Square,From 12 Visitors
Internist,200 EGP,4.5,Waiting Time : 36 Minutes,Imbaba : Elwahda street,From 675 Visitors
Urologist,400 EGP,4.5,Waiting Time : 15 Minutes,Fifth Settlement Medical Center,From 581 Visitors
Physiotherapist,65 EGP,5,Waiting Time : 15 Minutes,El-Mansoura,From 16 Visitors
Dermatologist,200 EGP,4.5,Waiting Time : 35 Minutes,El-Ibrahimia,From 68 Visitors
Orthopedist,250 EGP,4.5,Waiting Time : 31 Minutes,6th of October,From 29 Visitors
Gynecologist,150 EGP,,null,El-Haram,null
Dermatologist,200 EGP,5,Waiting Time : 20 Minutes,Nasr City,From 90 Visitors
Cardiologist,600 EGP,5,Waiting Time : 10 Minutes,El-Mohandessin : Alfawakh St,From 3 Visitors
Dentist,150 EGP,4.5,Waiting Time : 10 Minutes,Hadayek El-Ahram : El Geish street,From 46 Visitors
Dentist,100 EGP,4.5,Waiting Time : 10 Minutes,El-Haram : Haram,From 59 Visitors
Dentist,100 EGP,5,Waiting Time : 8 Minutes,El-Zaitoun : Selim Elawal Street-Egypt Air Towers-Above Eltayaran Supermarket,From 44 Visitors
Neurosurgeon,450 EGP,,null,Nasr City : ahmad elzumor,null
Infertility Specialist,150 EGP,4.5,Waiting Time : 50 Minutes,El-Mokattam,From 10 Visitors
Orthopedist,250 EGP,5,Waiting Time : 38 Minutes,El-Mohandessin,From 23 Visitors
Gynecologist,350 EGP,5,Waiting Time : 9 Minutes,151 Street - Horreya Square,From 12 Visitors
Nutritionist,350 EGP,5,Waiting Time : 6 Minutes,Hadayek El-Ahram : first entrance of first gate,From 274 Visitors
Ophthalmologist,200 EGP,4,Waiting Time : 47 Minutes,Shibin El-Kom : hakma square,From 61 Visitors
Oncologist,400 EGP,5,Waiting Time : 1 Hour and 1 Minute,Tanta : El-Geish st.  with Al- Galaa st.- Al-Awkaf  tower,From 39 Visitors
Dentist,200 EGP,,null,north Teseen ST,null
General Surgeon,250 EGP,4.5,Waiting Time : 16 Minutes,6-Oct,From 11 Visitors
,null,,null,El-Maadi,null
Urologist,120 EGP,4.5,Waiting Time : 21 Minutes,El-Zagazig : obour bridge next to sawaf restaurant,From 117 Visitors
Physiotherapist,220 EGP,5,Waiting Time : 17 Minutes,El-Obour City,From 56 Visitors
Physiotherapist,300 EGP,5,Waiting Time : 6 Minutes,El-Rehab,From 30 Visitors
ENT Doctor,300 EGP,5,Waiting Time : 6 Minutes,6th of October : Central Axis,From 821 Visitors
Dentist,150 EGP,5,Waiting Time : 9 Minutes,Imbaba,From 263 Visitors
Cardiologist,350 EGP,5,Waiting Time : 12 Minutes,El-Maadi,From 128 Visitors
Neurologist,250 EGP,4.5,Waiting Time : 17 Minutes,Shibin El-Kom,From 182 Visitors
Gynecologist,110 EGP,5,Waiting Time : 17 Minutes,Banha : 5 ibn Hagag street,From 16 Visitors
Pediatrician,200 EGP,5,Waiting Time : 8 Minutes,El-Mansoura : 6 october street branched from ahmed maher street,From 152 Visitors
General Surgeon,300 EGP,4.5,Waiting Time : 4 Minutes,Nasr City,From 69 Visitors
Neurologist,600 EGP,4.5,Waiting Time : 8 Minutes,Nasr City : AbdElhamid awad,From 196 Visitors
Urologist,500 EGP,4.5,Waiting Time : 30 Minutes,El-Maadi : Elnasr Street,From 84 Visitors
Physiotherapist,65 EGP,5,Waiting Time : 15 Minutes,El-Mansoura,From 16 Visitors
Dermatologist,200 EGP,4.5,Waiting Time : 35 Minutes,El-Ibrahimia,From 68 Visitors
Orthopedist,250 EGP,4.5,Waiting Time : 31 Minutes,6th of October,From 29 Visitors
Gynecologist,150 EGP,,null,El-Haram,null
Dermatologist,200 EGP,5,Waiting Time : 20 Minutes,Nasr City,From 90 Visitors
Cardiologist,350 EGP,5,Waiting Time : 7 Minutes,West El-Balad : el tahreer street,From 289 Visitors
Pediatrician,200 EGP,5,Waiting Time : 14 Minutes,El-Badrashin,From 19 Visitors
Gastroenterologist,250 EGP,5,Waiting Time : 18 Minutes,Faisal : Elatabaa Building Fasil Elnadii St,From 437 Visitors
Andrologist,210 EGP,5,Waiting Time : 12 Minutes,El-Mansoura,From 234 Visitors
Orthopedist,155 EGP,5,Waiting Time : 17 Minutes,El-Zagazig,From 147 Visitors
ENT Doctor,320 EGP,5,Waiting Time : 11 Minutes,El-Mansoura : el mahta square,From 47 Visitors
ENT Doctor,170 EGP,5,Waiting Time : 8 Minutes,Faisal : khaled ibn waleed st,From 481 Visitors
Physiotherapist,300 EGP,5,Waiting Time : 6 Minutes,El-Rehab,From 30 Visitors
Urologist,120 EGP,4.5,Waiting Time : 21 Minutes,El-Zagazig : obour bridge next to sawaf restaurant,From 117 Visitors
Gynecologist,300 EGP,5,Waiting Time : 4 Minutes,Nasr City : mostafa elnahas,From 277 Visitors
ENT Doctor,300 EGP,5,Waiting Time : 6 Minutes,6th of October : Central Axis,From 821 Visitors
Dentist,150 EGP,5,Waiting Time : 9 Minutes,Imbaba,From 263 Visitors
Cardiologist,350 EGP,5,Waiting Time : 12 Minutes,El-Maadi,From 128 Visitors
Neurologist,250 EGP,4.5,Waiting Time : 17 Minutes,Shibin El-Kom,From 182 Visitors
Pediatrician,200 EGP,5,Waiting Time : 8 Minutes,El-Mansoura : 6 october street branched from ahmed maher street,From 152 Visitors
General Surgeon,300 EGP,4.5,Waiting Time : 4 Minutes,Nasr City,From 69 Visitors
Gynecologist,110 EGP,5,Waiting Time : 17 Minutes,Banha : 5 ibn Hagag street,From 16 Visitors
Dentist,200 EGP,5,Waiting Time : 8 Minutes,6th of October,From 348 Visitors
Dentist,250 EGP,4.5,Waiting Time : 13 Minutes,Heliopolis : Al Hegaz - Heliopolis Square.,From 128 Visitors
Orthopedist,300 EGP,5,Waiting Time : 16 Minutes,El-Manyal : manyal street,From 158 Visitors
Pediatrician,250 EGP,4.5,Waiting Time : 13 Minutes,Nasr City,From 10 Visitors
Endocrinologist,300 EGP,4.5,Waiting Time : 22 Minutes,north teseen street,From 51 Visitors
Neurosurgeon,350 EGP,5,Waiting Time : 15 Minutes,"El-Maadi : Sakr Quraysh, Al Bahs Al Genaea",From 66 Visitors
Cardiologist,200 EGP,5,Waiting Time : 18 Minutes,Heliopolis,From 251 Visitors
Surgical Oncologist,300 EGP,5,Waiting Time : 19 Minutes,El-Giza : mourad,From 20 Visitors
ENT Doctor,400 EGP,4.5,Waiting Time : 1 Hour and 49 Minutes,6th of October,From 139 Visitors
Neurosurgeon,370 EGP,5,Waiting Time : 29 Minutes,6th of October,From 666 Visitors
Cardiologist,300 EGP,4.5,Waiting Time : 59 Minutes,Janaklees,From 164 Visitors
Dentist,100 EGP,4.5,Waiting Time : 1 Hour and 53 Minutes,El-Manyal : Almanial main Street,From 62 Visitors
Physiotherapist,65 EGP,5,Waiting Time : 15 Minutes,El-Mansoura,From 16 Visitors
Dermatologist,200 EGP,4.5,Waiting Time : 35 Minutes,El-Ibrahimia,From 68 Visitors
Orthopedist,250 EGP,4.5,Waiting Time : 31 Minutes,6th of October,From 29 Visitors
Gynecologist,150 EGP,,null,El-Haram,null
Dermatologist,200 EGP,5,Waiting Time : 20 Minutes,Nasr City,From 90 Visitors
ENT Doctor,320 EGP,5,Waiting Time : 11 Minutes,El-Mansoura : el mahta square,From 47 Visitors
Ophthalmologist,150 EGP,5,Waiting Time : 19 Minutes,El-Fayoum city : elmsla next to misr for insurance building next to city tower,From 94 Visitors
General Surgeon,250 EGP,4.5,Waiting Time : 14 Minutes,Shibin El-Kom : sharaf square dewan tower,From 21 Visitors
Gynecologist,250 EGP,5,Waiting Time : 13 Minutes,El-Shorouk,From 13 Visitors
Physiotherapist,150 EGP,5,Waiting Time : 29 Minutes,Banha : behind mohafza,From 12 Visitors
Obesity Surgeon,250 EGP,5,Waiting Time : 16 Minutes,Shibin El-Kom,From 13 Visitors
Neurosurgeon,370 EGP,5,Waiting Time : 29 Minutes,6th of October,From 666 Visitors
General Surgeon,200 EGP,5,Waiting Time : 6 Minutes,El-Zagazig : tolba eweda street,From 55 Visitors
Rheumatologist,400 EGP,4,Waiting Time : 14 Minutes,El-Sayeda Zainab : Port Saeed Street,From 68 Visitors
Dermatologist,400 EGP,4.5,Waiting Time : 33 Minutes,West El-Balad : Mohamed farid - Abdein,From 128 Visitors
Neurosurgeon,350 EGP,5,Waiting Time : 15 Minutes,"El-Maadi : Sakr Quraysh, Al Bahs Al Genaea",From 66 Visitors
Cardiologist,300 EGP,4.5,Waiting Time : 59 Minutes,Janaklees,From 164 Visitors
Dentist,100 EGP,4.5,Waiting Time : 1 Hour and 53 Minutes,El-Manyal : Almanial main Street,From 62 Visitors
Internist,210 EGP,4.5,Waiting Time : 20 Minutes,El-Mansoura : kanat el swiss st,From 199 Visitors
Dentist,100 EGP,5,Waiting Time : 14 Minutes,Faisal,From 93 Visitors
Ophthalmologist,250 EGP,5,Waiting Time : 12 Minutes,Heliopolis : hegaz street,From 283 Visitors
Dermatologist,150 EGP,4.5,Waiting Time : 8 Minutes,10th of Ramadan : Ordinia St.,From 216 Visitors
ENT Doctor,400 EGP,4.5,Waiting Time : 1 Hour and 49 Minutes,6th of October,From 139 Visitors
Cardiologist,350 EGP,5,Waiting Time : 10 Minutes,Maadi Ring Road,From 7 Visitors
Gynecologist,300 EGP,4.5,Waiting Time : 22 Minutes,El-Maadi,From 76 Visitors
Ophthalmologist,250 EGP,5,Waiting Time : 7 Minutes,Nasr City : Mohamed Radwan ST _ Al Hay Al Asher,From 138 Visitors
Dentist,200 EGP,5,Waiting Time : 8 Minutes,Heliopolis,From 60 Visitors
General Surgeon,200 EGP,4.5,Waiting Time : 25 Minutes,Shibin El-Kom,From 50 Visitors
Endocrinologist,300 EGP,4.5,Waiting Time : 22 Minutes,north teseen street,From 51 Visitors
Pediatrician,250 EGP,4.5,Waiting Time : 13 Minutes,Nasr City,From 10 Visitors
Surgical Oncologist,300 EGP,5,Waiting Time : 19 Minutes,El-Giza : mourad,From 20 Visitors
Cardiologist,400 EGP,5,Waiting Time : 8 Minutes,6th of October,From 240 Visitors
Physiotherapist,65 EGP,5,Waiting Time : 15 Minutes,El-Mansoura,From 16 Visitors
Dermatologist,200 EGP,4.5,Waiting Time : 35 Minutes,El-Ibrahimia,From 68 Visitors
Orthopedist,250 EGP,4.5,Waiting Time : 31 Minutes,6th of October,From 29 Visitors
Gynecologist,150 EGP,,null,El-Haram,null
Dermatologist,200 EGP,5,Waiting Time : 20 Minutes,Nasr City,From 90 Visitors
Gynecologist,500 EGP,4.5,Waiting Time : 10 Minutes,New Cairo : abdallah ibn salama,From 102 Visitors
Pediatrician,200 EGP,4.5,Waiting Time : 12 Minutes,Miamy,From 98 Visitors
Orthopedist,400 EGP,4.5,Waiting Time : 3 Hours and 27 Minutes,El-Maadi :  ElNasr,From 202 Visitors
Cardiologist,500 EGP,4.5,Waiting Time : 34 Minutes,El-Sheikh Zayed : Twin Towers-Elmehwar Elmarkazi,From 733 Visitors
Cardiologist,300 EGP,5,Waiting Time : 22 Minutes,El-Maadi : 4 street 100 from street 105 - Horria sq Maadi,From 475 Visitors
Dermatologist,400 EGP,4.5,Waiting Time : 44 Minutes,Faisal : king Faisal St -tamimi,From 1479 Visitors
General Surgeon,200 EGP,4.5,Waiting Time : 1 Hour,Bakos : Moastafa kamel,From 520 Visitors
Orthopedist,200 EGP,4.5,Waiting Time : 1 Hour and 4 Minutes,El-Haram,From 1263 Visitors
Orthopedist,300 EGP,4.5,Waiting Time : 16 Minutes,6th of October,From 1011 Visitors
ENT Doctor,400 EGP,4.5,Waiting Time : 1 Hour and 28 Minutes,Heliopolis : Triumph square (Nakhla moteey),From 672 Visitors
Pulmonologist,250 EGP,4.5,Waiting Time : 29 Minutes,El-Matareya : Beet El Ezz 2 building - Matareya square - Building A - Third floor,From 296 Visitors
Psychiatrist,800 EGP,4,Waiting Time : 1 Hour and 46 Minutes,Heliopolis : Esmail Ramzy Street,From 417 Visitors
Dermatologist,400 EGP,4.5,Waiting Time : 21 Minutes,El-Manyal : Manial,From 276 Visitors
Urologist,300 EGP,4.5,Waiting Time : 36 Minutes,El-Zaitoun : salim el-Awal st.,From 26 Visitors
Allergist,300 EGP,4.5,Waiting Time : 44 Minutes,Faisal : king faisal street,From 213 Visitors
Cardiologist,250 EGP,4.5,Waiting Time : 48 Minutes,El-Mohandessin : Omar Toson,From 92 Visitors
Gynecologist,200 EGP,4.5,Waiting Time : 12 Minutes,El-Obour City : Al Obour center,From 32 Visitors
Nutritionist,200 EGP,4.5,Waiting Time : 27 Minutes,Faisal,From 663 Visitors
Orthopedist,300 EGP,4.5,Waiting Time : 22 Minutes,Faisal : king faisal,From 497 Visitors
Oncologist,500 EGP,5,Waiting Time : 20 Minutes,El-Maadi : ElNasr,From 389 Visitors
Physiotherapist,65 EGP,5,Waiting Time : 15 Minutes,El-Mansoura,From 16 Visitors
Dermatologist,200 EGP,4.5,Waiting Time : 35 Minutes,El-Ibrahimia,From 68 Visitors
Orthopedist,250 EGP,4.5,Waiting Time : 31 Minutes,6th of October,From 29 Visitors
Gynecologist,150 EGP,,null,El-Haram,null
Dermatologist,200 EGP,5,Waiting Time : 20 Minutes,Nasr City,From 90 Visitors
Audiologist,300 EGP,4.5,Waiting Time : 18 Minutes,Faisal : fisal street,From 121 Visitors
Physiotherapist,200 EGP,4,Waiting Time : 15 Minutes,El-Maadi : street 287,From 56 Visitors
Dentist,150 EGP,4.5,Waiting Time : 10 Minutes,El-Mansoura,From 256 Visitors
Dentist,150 EGP,4.5,Waiting Time : 30 Minutes,Nasr City :  Mohamed Almakreif,From 206 Visitors
Dentist,300 EGP,4.5,Waiting Time : 10 Minutes,Madinaty : Medical Center,From 107 Visitors
Ophthalmologist,250 EGP,5,Waiting Time : 18 Minutes,Hadayek El-Kobba : Abdelgleel street from Ibn Sender,From 88 Visitors
Gynecologist,150 EGP,4.5,Waiting Time : 32 Minutes,El-Haram : Haram Street Nasr eldin Station,From 297 Visitors
Psychiatrist,300 EGP,4.5,Waiting Time : 28 Minutes,Victoria : Gamal Abdelnaser,From 157 Visitors
Dentist,100 EGP,4.5,Waiting Time : 14 Minutes,El-Haram : 93 el haram street - beside city mall,From 648 Visitors
Physiotherapist,200 EGP,4,Waiting Time : 21 Minutes,6th of October : Central Axis,From 151 Visitors
Physiotherapist,150 EGP,4.5,Waiting Time : 12 Minutes,El-Haram : madkour,From 186 Visitors
Dentist,400 EGP,4.5,Waiting Time : 8 Minutes,El-Sheikh Zayed : Beverly Hills-gate 9,From 68 Visitors
Dentist,50 EGP,4.5,Waiting Time : 15 Minutes,Mahalla : El-shon,From 126 Visitors
Dentist,200 EGP,4.5,Waiting Time : 19 Minutes,El-Haram :  Salam,From 92 Visitors
Ophthalmologist,130 EGP,4.5,Waiting Time : 19 Minutes,Assiut city : Yusri Ragheb St.,From 189 Visitors
Dentist,200 EGP,4.5,Waiting Time : 8 Minutes,Nasr City : makram ebeid,From 96 Visitors
Dentist,100 EGP,4.5,Waiting Time : 12 Minutes,Banha : el safaa,From 81 Visitors
General Surgeon,400 EGP,4.5,Waiting Time : 13 Minutes,El-Maadi : Al Nasr Street,From 161 Visitors
Gynecologist,300 EGP,5,Waiting Time : 1 Hour and 33 Minutes,El-Dokki : El Tahrir st.,From 113 Visitors
Dentist,350 EGP,4.5,Waiting Time : 9 Minutes,Nasr City : abo dawood zahry,From 114 Visitors
Dentist,300 EGP,4.5,Waiting Time : 13 Minutes,New Cairo : 90 Street,From 190 Visitors
Internist,400 EGP,4.5,Waiting Time : 17 Minutes,El-Mansoura : Al seka algdeda,From 48 Visitors
Orthopedist,250 EGP,4.5,Waiting Time : 21 Minutes,Imbaba : Main wehda street,From 60 Visitors
Nutritionist,350 EGP,5,Waiting Time : 8 Minutes,El-Sheikh Zayed,From 145 Visitors
ENT Doctor,150 EGP,4,Waiting Time : 32 Minutes,"Ain Shams : 70 Khaled Ebn El Waleed st., From Mostafa Hafez st., Beside Zaher, Guesr El Suez st., In front of El Shams club",From 363 Visitors
Dentist,150 EGP,4.5,Waiting Time : 21 Minutes,Faisal : hassan mohamed station-Feisal,From 814 Visitors
Physiotherapist,75 EGP,4.5,Waiting Time : 14 Minutes,Shibin El-Kom : Abo Bakr Elsedeek,From 60 Visitors
Dentist,150 EGP,4,Waiting Time : 30 Minutes,Hadayek El-Ahram : 2nd gate khafra,From 237 Visitors
Physiotherapist,65 EGP,5,Waiting Time : 15 Minutes,El-Mansoura,From 16 Visitors
Dermatologist,200 EGP,4.5,Waiting Time : 35 Minutes,El-Ibrahimia,From 68 Visitors
Orthopedist,250 EGP,4.5,Waiting Time : 31 Minutes,6th of October,From 29 Visitors
Gynecologist,150 EGP,,null,El-Haram,null
Dermatologist,200 EGP,5,Waiting Time : 20 Minutes,Nasr City,From 90 Visitors
Internist,400 EGP,4.5,Waiting Time : 53 Minutes,El-Manyal : Saeed Tho Al fakar Street - branched from El basha square,From 847 Visitors
Vascular Surgeon,400 EGP,4.5,Waiting Time : 14 Minutes,6th of October : El Mehwar El Markazy,From 361 Visitors
Dentist,200 EGP,4.5,Waiting Time : 26 Minutes,Heliopolis :  Bridge,From 107 Visitors
ENT Doctor,400 EGP,4.5,Waiting Time : 9 Minutes,"El-Rehab : Rehab , medical centre 2 , clinic 109",From 511 Visitors
Cardiologist,600 EGP,4.5,Waiting Time : 32 Minutes,El-Sheikh Zayed : Twin Towers,From 188 Visitors
Internist,350 EGP,4.5,Waiting Time : 24 Minutes,Nasr City :  ahmed el zomor,From 220 Visitors
Gynecologist,200 EGP,4.5,Waiting Time : 34 Minutes,"El-Agamy : Kilometer 21 square,",From 143 Visitors
Pediatrician,400 EGP,4.5,Waiting Time : 12 Minutes,Nasr City : Mostafa nhas St,From 25 Visitors
ENT Doctor,250 EGP,4,Waiting Time : 23 Minutes,El-Mokattam : 9 S.t,From 173 Visitors
Plastic Surgeon,350 EGP,4.5,Waiting Time : 9 Minutes,"Sporting : Port Saeid St.,",From 22 Visitors
Oncologist,300 EGP,4.5,Waiting Time : 24 Minutes,El-Haram,From 229 Visitors
Dentist,250 EGP,4.5,Waiting Time : 11 Minutes,6th of October : omrania tanua,From 149 Visitors
Cardiologist,350 EGP,5,Waiting Time : 56 Minutes,West El-Balad :  Mohamed farid,From 300 Visitors
Cardiologist,200 EGP,4.5,Waiting Time : 56 Minutes,El-Agamy : Alrxandria- matrouh road,From 267 Visitors
Orthopedist,350 EGP,4.5,Waiting Time : 9 Minutes,Nasr City,From 277 Visitors
Urologist,400 EGP,4,Waiting Time : 23 Minutes,Heliopolis : bagdad st.,From 110 Visitors
Ophthalmologist,350 EGP,4.5,Waiting Time : 1 Hour and 20 Minutes,Nasr City : mostafa el nahhas street,From 1192 Visitors
Rheumatologist,300 EGP,4.5,Waiting Time : 10 Minutes,El-Zagazig : vilal gamaa street next to madina mosque,From 153 Visitors
Urologist,600 EGP,4,Waiting Time : 26 Minutes,El-Mohandessin :  shehab street,From 51 Visitors
Dermatologist,300 EGP,4.5,Waiting Time : 34 Minutes,El-Maadi :  El Horya Square,From 647 Visitors
Cardiologist,500 EGP,4.5,Waiting Time : 34 Minutes,El-Sheikh Zayed : Twin Towers-Elmehwar Elmarkazi,From 733 Visitors
Vascular Surgeon,400 EGP,4.5,Waiting Time : 11 Minutes,El-Manyal : El Manyal,From 69 Visitors
Gynecologist,200 EGP,4.5,Waiting Time : 12 Minutes,El-Obour City : Al Obour center,From 32 Visitors
Physiotherapist,65 EGP,5,Waiting Time : 15 Minutes,El-Mansoura,From 16 Visitors
Dermatologist,200 EGP,4.5,Waiting Time : 35 Minutes,El-Ibrahimia,From 68 Visitors
Orthopedist,250 EGP,4.5,Waiting Time : 31 Minutes,6th of October,From 29 Visitors
Gynecologist,150 EGP,,null,El-Haram,null
Dermatologist,200 EGP,5,Waiting Time : 20 Minutes,Nasr City,From 90 Visitors
Dentist,200 EGP,4.5,Waiting Time : 26 Minutes,Heliopolis :  Bridge,From 107 Visitors
Vascular Surgeon,300 EGP,4.5,Waiting Time : 37 Minutes,Faisal :  Faisal,From 275 Visitors
Internist,350 EGP,4.5,Waiting Time : 24 Minutes,Nasr City :  ahmed el zomor,From 220 Visitors
Gynecologist,200 EGP,4.5,Waiting Time : 34 Minutes,"El-Agamy : Kilometer 21 square,",From 143 Visitors
ENT Doctor,250 EGP,4,Waiting Time : 23 Minutes,El-Mokattam : 9 S.t,From 173 Visitors
Cardiologist,350 EGP,5,Waiting Time : 56 Minutes,West El-Balad :  Mohamed farid,From 300 Visitors
Dermatologist,200 EGP,4.5,Waiting Time : 44 Minutes,El-Obour City : Alsadat St.,From 685 Visitors
Psychiatrist,300 EGP,4,Waiting Time : 38 Minutes,El-Mansoura : Hussein bek street in front of family regulation office,From 54 Visitors
Pediatrician,200 EGP,4.5,Waiting Time : 12 Minutes,Miamy,From 98 Visitors
Orthopedist,200 EGP,4.5,Waiting Time : 22 Minutes,Faisal,From 901 Visitors
Gynecologist,500 EGP,4.5,Waiting Time : 10 Minutes,New Cairo : abdallah ibn salama,From 102 Visitors
Internist,300 EGP,4,Waiting Time : 7 Minutes,El-Rehab : el sadat axis-The corner mall,From 371 Visitors
Pediatrician,300 EGP,4.5,Waiting Time : 19 Minutes,New Cairo : 3rd block,From 307 Visitors
Psychiatrist,600 EGP,4,Waiting Time : 31 Minutes,trablous,From 258 Visitors
Andrologist,300 EGP,4.5,Waiting Time : 43 Minutes,6th of October : 4th District - 3rd Neighborhood,From 1002 Visitors
Orthopedist,200 EGP,4.5,Waiting Time : 34 Minutes,6th of October,From 480 Visitors
General Surgeon,150 EGP,4.5,Waiting Time : 46 Minutes,Shoubra El-Kheima : ElSharea ElGded,From 201 Visitors
Ophthalmologist,300 EGP,4.5,Waiting Time : 9 Minutes,New Cairo,From 478 Visitors
Neurologist,300 EGP,4.5,Waiting Time : 1 Hour and 22 Minutes,Shoubra El-Kheima : 15 may street across the new street,From 485 Visitors
Nutritionist,200 EGP,4.5,Waiting Time : 15 Minutes,El-Matareya : El horeya street,From 45 Visitors
Rheumatologist,400 EGP,4.5,Waiting Time : 10 Minutes,Nasr City : Gafar Elsadek st branched from eltayaran,From 165 Visitors
Internist,300 EGP,4.5,Waiting Time : 36 Minutes,El-Maadi : 77 St.,From 913 Visitors
Cardiologist,750 EGP,4.5,Waiting Time : 47 Minutes,Heliopolis,From 469 Visitors
Pediatrician,250 EGP,4.5,Waiting Time : 30 Minutes,Faisal : king  Faisal taawon,From 1109 Visitors
Andrologist,250 EGP,4.5,Waiting Time : 50 Minutes,Faisal,From 205 Visitors
Urologist,200 EGP,4.5,Waiting Time : 21 Minutes,Shoubra : 15 may street,From 125 Visitors
Nutritionist,100 EGP,4,Waiting Time : 8 Minutes,El-Mansheyah : Hamam El Warsha,From 120 Visitors
Physiotherapist,65 EGP,5,Waiting Time : 15 Minutes,El-Mansoura,From 16 Visitors
Dermatologist,200 EGP,4.5,Waiting Time : 35 Minutes,El-Ibrahimia,From 68 Visitors
Orthopedist,250 EGP,4.5,Waiting Time : 31 Minutes,6th of October,From 29 Visitors
Gynecologist,150 EGP,,null,El-Haram,null
Dermatologist,200 EGP,5,Waiting Time : 20 Minutes,Nasr City,From 90 Visitors
Hepatologist,300 EGP,4.5,Waiting Time : 28 Minutes,Faisal : Faisal,From 421 Visitors
Orthopedist,150 EGP,4.5,Waiting Time : 13 Minutes,Ain Shams,From 125 Visitors
Rheumatologist,250 EGP,4,Waiting Time : 15 Minutes,El-Haram :  Abo emera street,From 246 Visitors
Ophthalmologist,400 EGP,4.5,Waiting Time : 47 Minutes,El-Maadi : 153,From 364 Visitors
Physiotherapist,120 EGP,4,Waiting Time : 22 Minutes,El-Maadi : 9,From 125 Visitors
Dermatologist,200 EGP,4.5,Waiting Time : 44 Minutes,El-Obour City : Alsadat St.,From 685 Visitors
Psychiatrist,300 EGP,4,Waiting Time : 38 Minutes,El-Mansoura : Hussein bek street in front of family regulation office,From 54 Visitors
Ophthalmologist,150 EGP,5,Waiting Time : 29 Minutes,"Shoubra El-Kheima : 15 mayo"" ElshareEl gedidi """,From 317 Visitors
Gynecologist,200 EGP,4,Waiting Time : 14 Minutes,El-Ibrahimia,From 147 Visitors
Pediatrician,200 EGP,4.5,Waiting Time : 12 Minutes,Miamy,From 98 Visitors
Internist,300 EGP,4,Waiting Time : 7 Minutes,El-Rehab : el sadat axis-The corner mall,From 371 Visitors
Pediatrician,300 EGP,4.5,Waiting Time : 19 Minutes,New Cairo : 3rd block,From 307 Visitors
Oncologist,300 EGP,4.5,Waiting Time : 24 Minutes,El-Haram,From 229 Visitors
Orthopedist,400 EGP,4.5,Waiting Time : 3 Hours and 27 Minutes,El-Maadi :  ElNasr,From 202 Visitors
Nephrologist,400 EGP,5,Waiting Time : 35 Minutes,Faisal : Faisal street,From 361 Visitors
ENT Doctor,400 EGP,4.5,Waiting Time : 9 Minutes,"El-Rehab : Rehab , medical centre 2 , clinic 109",From 511 Visitors
Urologist,400 EGP,4,Waiting Time : 23 Minutes,Heliopolis : bagdad st.,From 110 Visitors
Plastic Surgeon,350 EGP,4.5,Waiting Time : 9 Minutes,"Sporting : Port Saeid St.,",From 22 Visitors
Vascular Surgeon,400 EGP,4.5,Waiting Time : 14 Minutes,6th of October : El Mehwar El Markazy,From 361 Visitors
Cardiologist,600 EGP,4.5,Waiting Time : 32 Minutes,El-Sheikh Zayed : Twin Towers,From 188 Visitors
ENT Doctor,320 EGP,4.5,Waiting Time : 29 Minutes,El-Mohandessin,From 1028 Visitors
Cardiologist,750 EGP,4.5,Waiting Time : 47 Minutes,Heliopolis,From 469 Visitors
Dentist,200 EGP,4.5,Waiting Time : 26 Minutes,Heliopolis :  Bridge,From 107 Visitors
Psychiatrist,400 EGP,4.5,Waiting Time : 21 Minutes,Hadayek El-Kobba : Masr El-Soadan,From 159 Visitors
Internist,350 EGP,4.5,Waiting Time : 22 Minutes,El-Maadi : algazerr,From 1538 Visitors
Ophthalmologist,300 EGP,4.5,Waiting Time : 9 Minutes,New Cairo,From 478 Visitors
Pediatrician,250 EGP,4.5,Waiting Time : 30 Minutes,Faisal : king  Faisal taawon,From 1109 Visitors
Vascular Surgeon,300 EGP,4.5,Waiting Time : 37 Minutes,Faisal :  Faisal,From 275 Visitors
Ophthalmologist,350 EGP,4.5,Waiting Time : 1 Hour and 20 Minutes,Nasr City : mostafa el nahhas street,From 1192 Visitors
Internist,350 EGP,4.5,Waiting Time : 24 Minutes,Nasr City :  ahmed el zomor,From 220 Visitors
Physiotherapist,65 EGP,5,Waiting Time : 15 Minutes,El-Mansoura,From 16 Visitors
Dermatologist,200 EGP,4.5,Waiting Time : 35 Minutes,El-Ibrahimia,From 68 Visitors
Orthopedist,250 EGP,4.5,Waiting Time : 31 Minutes,6th of October,From 29 Visitors
Gynecologist,150 EGP,,null,El-Haram,null
Dermatologist,200 EGP,5,Waiting Time : 20 Minutes,Nasr City,From 90 Visitors
ENT Doctor,200 EGP,4,Waiting Time : 20 Minutes,Faisal,From 636 Visitors
Neurologist,300 EGP,4.5,Waiting Time : 1 Hour and 1 Minute,El-Abbasia : Abdou Pacha Sq.,From 702 Visitors
Gynecologist,200 EGP,4.5,Waiting Time : 50 Minutes,6th of October : the central axis,From 835 Visitors
Ophthalmologist,400 EGP,4.5,Waiting Time : 47 Minutes,El-Maadi : 153,From 364 Visitors
Internist,150 EGP,4.5,Waiting Time : 1 Hour and 16 Minutes,El-Mandara : Mohamed Hassanin Hiekel,From 903 Visitors
Hepatologist,300 EGP,4.5,Waiting Time : 28 Minutes,Faisal : Faisal,From 421 Visitors
Orthopedist,200 EGP,5,Waiting Time : 34 Minutes,Sidy Gaber : Elhoreia,From 645 Visitors
Gynecologist,250 EGP,4.5,Waiting Time : 11 Minutes,El-Sheikh Zayed : Medical Hub Center-Khameal City-Gate 2-Infront of Hyperone,From 74 Visitors
Gastroenterologist,200 EGP,5,Waiting Time : 18 Minutes,Ain Shams,From 505 Visitors
Urologist,100 EGP,4.5,Waiting Time : 47 Minutes,El-Marg : Ahmed sediq,From 317 Visitors
Gastroenterologist,300 EGP,4.5,Waiting Time : 1 Hour and 33 Minutes,Sidy Gaber : Portsaif,From 649 Visitors
Neurologist,150 EGP,4,Waiting Time : 31 Minutes,El-Haram : Terat Al Zomir Street,From 1017 Visitors
ENT Doctor,300 EGP,4.5,Waiting Time : 16 Minutes,El-Maadi,From 772 Visitors
Orthopedist,150 EGP,4.5,Waiting Time : 13 Minutes,Ain Shams,From 125 Visitors
Dermatologist,400 EGP,4.5,Waiting Time : 17 Minutes,6th of October : elmahwar el markazi,From 1284 Visitors
Rheumatologist,250 EGP,4,Waiting Time : 15 Minutes,El-Haram :  Abo emera street,From 246 Visitors
Pulmonologist,300 EGP,4.5,Waiting Time : 28 Minutes,El-Haram : Al Haram street -,From 1294 Visitors
Gynecologist,450 EGP,4.5,Waiting Time : 31 Minutes,"El-Rehab : Medical center 2 ,  El Rehab City",From 827 Visitors
Gastroenterologist,400 EGP,4.5,Waiting Time : 12 Minutes,El-Giza : el gamaa Street,From 49 Visitors
Internist,150 EGP,4.5,Waiting Time : 1 Hour,El-Haram : El haram St.,From 1512 Visitors
Psychiatrist,300 EGP,4.5,Waiting Time : 26 Minutes,El-Haram : Naser althora,From 383 Visitors
Gynecologist,150 EGP,4.5,Waiting Time : 23 Minutes,El-Rehab : medical park elite next to city square,From 105 Visitors
Pulmonologist,400 EGP,4,Waiting Time : 20 Minutes,El-Maadi,From 1042 Visitors
Orthopedist,250 EGP,4.5,Waiting Time : 32 Minutes,6th of October : 71 fadan,From 524 Visitors
ENT Doctor,400 EGP,4.5,Waiting Time : 9 Minutes,"El-Rehab : Rehab , medical centre 2 , clinic 109",From 511 Visitors
Urologist,400 EGP,4,Waiting Time : 23 Minutes,Heliopolis : bagdad st.,From 110 Visitors
Dermatologist,300 EGP,4.5,Waiting Time : 38 Minutes,Heliopolis : El Merghany,From 925 Visitors
Cardiologist,600 EGP,4.5,Waiting Time : 32 Minutes,El-Sheikh Zayed : Twin Towers,From 188 Visitors
Physiotherapist,65 EGP,5,Waiting Time : 15 Minutes,El-Mansoura,From 16 Visitors
Dermatologist,200 EGP,4.5,Waiting Time : 35 Minutes,El-Ibrahimia,From 68 Visitors
Orthopedist,250 EGP,4.5,Waiting Time : 31 Minutes,6th of October,From 29 Visitors
Gynecologist,150 EGP,,null,El-Haram,null
Dermatologist,200 EGP,5,Waiting Time : 20 Minutes,Nasr City,From 90 Visitors
Physiotherapist,200 EGP,5,Waiting Time : 5 Minutes,Heliopolis : abu bakr el sedeek saffir sqaure,From 208 Visitors
Plastic Surgeon,400 EGP,4,Waiting Time : 11 Minutes,El-Ibrahimia : abokeir road,From 123 Visitors
General Surgeon,200 EGP,4.5,Waiting Time : 10 Minutes,Faisal,From 493 Visitors
Internist,350 EGP,4,Waiting Time : 19 Minutes,Heliopolis,From 449 Visitors
Dentist,200 EGP,4.5,Waiting Time : 14 Minutes,"8th district, Above Ragab's Sons s market - mall five stars 2 new floor",From 640 Visitors
Gynecologist,200 EGP,4.5,Waiting Time : 11 Minutes,Nasr City : ahmed elzomr,From 27 Visitors
Dentist,400 EGP,4.5,Waiting Time : 12 Minutes,Nasr City : Abu Dawood Al-Zahery,From 427 Visitors
Cardiologist,200 EGP,4.5,Waiting Time : 43 Minutes,Ain Shams : Seha street,From 270 Visitors
Internist,400 EGP,,null,Beverly Hills,null
General Surgeon,190 EGP,4.5,Waiting Time : 27 Minutes,El-Mansoura,From 80 Visitors
Gynecologist,250 EGP,4,Waiting Time : 26 Minutes,Hadayek El-Ahram : zen,From 337 Visitors
Dentist,400 EGP,5,Waiting Time : 10 Minutes,New Cairo : North,From 197 Visitors
Cardiologist,250 EGP,4.5,Waiting Time : 27 Minutes,El-Haram : Al Haram street,From 222 Visitors
Cardiologist,175 EGP,4.5,Waiting Time : 2 Hours and 31 Minutes,El-Agamy : -salah el awdy st.,From 115 Visitors
Internist,350 EGP,4.5,Waiting Time : 22 Minutes,6th of October : nagda square,From 269 Visitors
Urologist,100 EGP,4.5,Waiting Time : 47 Minutes,El-Marg : Ahmed sediq,From 317 Visitors
Gastroenterologist,200 EGP,5,Waiting Time : 18 Minutes,Ain Shams,From 505 Visitors
Internist,170 EGP,4.5,Waiting Time : 27 Minutes,El-Zagazig,From 305 Visitors
Ophthalmologist,400 EGP,4.5,Waiting Time : 47 Minutes,El-Maadi : 153,From 364 Visitors
Gynecologist,200 EGP,4.5,Waiting Time : 50 Minutes,6th of October : the central axis,From 835 Visitors
Internist,150 EGP,4.5,Waiting Time : 1 Hour and 16 Minutes,El-Mandara : Mohamed Hassanin Hiekel,From 903 Visitors
Internist,350 EGP,5,Waiting Time : 56 Minutes,Smouha : Victor Ammanuel St.,From 575 Visitors
Physiotherapist,120 EGP,4,Waiting Time : 22 Minutes,El-Maadi : 9,From 125 Visitors
Cardiologist,400 EGP,4.5,Waiting Time : 53 Minutes,El-Maadi : Horreya Square,From 339 Visitors
Gastroenterologist,300 EGP,4.5,Waiting Time : 1 Hour and 33 Minutes,Sidy Gaber : Portsaif,From 649 Visitors
Neurologist,150 EGP,4,Waiting Time : 31 Minutes,El-Haram : Terat Al Zomir Street,From 1017 Visitors
ENT Doctor,300 EGP,4.5,Waiting Time : 16 Minutes,El-Maadi,From 772 Visitors
Orthopedist,150 EGP,4.5,Waiting Time : 13 Minutes,Ain Shams,From 125 Visitors
Dermatologist,400 EGP,4.5,Waiting Time : 17 Minutes,6th of October : elmahwar el markazi,From 1284 Visitors
Orthopedist,200 EGP,5,Waiting Time : 34 Minutes,Sidy Gaber : Elhoreia,From 645 Visitors
Gynecologist,250 EGP,4.5,Waiting Time : 11 Minutes,El-Sheikh Zayed : Medical Hub Center-Khameal City-Gate 2-Infront of Hyperone,From 74 Visitors
Rheumatologist,250 EGP,4,Waiting Time : 15 Minutes,El-Haram :  Abo emera street,From 246 Visitors
Pulmonologist,300 EGP,4.5,Waiting Time : 28 Minutes,El-Haram : Al Haram street -,From 1294 Visitors
Physiotherapist,65 EGP,5,Waiting Time : 15 Minutes,El-Mansoura,From 16 Visitors
Dermatologist,200 EGP,4.5,Waiting Time : 35 Minutes,El-Ibrahimia,From 68 Visitors
Orthopedist,250 EGP,4.5,Waiting Time : 31 Minutes,6th of October,From 29 Visitors
Gynecologist,150 EGP,,null,El-Haram,null
Dermatologist,200 EGP,5,Waiting Time : 20 Minutes,Nasr City,From 90 Visitors
Dentist,250 EGP,5,Waiting Time : 10 Minutes,Nasr City : Afracia street-extention of mostafa elnahas street-9 th zone-after PIZZA HUT restaurant,From 216 Visitors
Dentist,200 EGP,4.5,Waiting Time : 14 Minutes,"8th district, Above Ragab's Sons s market - mall five stars 2 new floor",From 640 Visitors
Dentist,400 EGP,4.5,Waiting Time : 12 Minutes,Nasr City : Abu Dawood Al-Zahery,From 427 Visitors
Dentist,400 EGP,5,Waiting Time : 10 Minutes,New Cairo : North,From 197 Visitors
Psychiatrist,300 EGP,4,Waiting Time : 38 Minutes,El-Mansoura : Hussein bek street in front of family regulation office,From 54 Visitors
Internist,350 EGP,4.5,Waiting Time : 22 Minutes,6th of October : nagda square,From 269 Visitors
Urologist,170 EGP,4.5,Waiting Time : 33 Minutes,El Minya City : Elgomhorya street,From 141 Visitors
Gynecologist,400 EGP,5,Waiting Time : 28 Minutes,"El-Sheikh Zayed : Twin Towers, 26 July Corridor",From 283 Visitors
Andrologist,200 EGP,4.5,Waiting Time : 58 Minutes,Assiut city : Al Helaly,From 236 Visitors
Cardiologist,250 EGP,4.5,Waiting Time : 27 Minutes,El-Haram : Al Haram street,From 222 Visitors
Nutritionist,300 EGP,4.5,Waiting Time : 24 Minutes,"10 Mohamed Awad st, branched from Makram Ebeid",From 574 Visitors
Cardiothoracic Surgeon,310 EGP,4.5,Waiting Time : 13 Minutes,El-Mansoura : gehan st,From 7 Visitors
Dentist,250 EGP,4.5,Waiting Time : 13 Minutes,"El-Mokattam : central Street, from 9 street",From 460 Visitors
Cardiologist,500 EGP,4.5,Waiting Time : 15 Minutes,New Cairo : Next to Al baraka Mall,From 224 Visitors
Vascular Surgeon,300 EGP,4.5,Waiting Time : 26 Minutes,El-Ibrahimia : portsaid,From 120 Visitors
Physiotherapist,80 EGP,4,Waiting Time : 29 Minutes,Helwan : mohamed sayed ahmed street with rayel street,From 41 Visitors
Pediatrician,150 EGP,4.5,Waiting Time : 33 Minutes,Ain Shams,From 209 Visitors
Pediatric Surgeon,250 EGP,4.5,Waiting Time : 20 Minutes,El-Ibrahimia : port Said,From 203 Visitors
Internist,250 EGP,4,Waiting Time : 15 Minutes,El-Abbasia : sergany st-abdo basha,From 39 Visitors
Internist,400 EGP,4.5,Waiting Time : 27 Minutes,El-Mohandessin : El Kawser street,From 117 Visitors
Physiotherapist,65 EGP,5,Waiting Time : 15 Minutes,El-Mansoura,From 16 Visitors
Dermatologist,200 EGP,4.5,Waiting Time : 35 Minutes,El-Ibrahimia,From 68 Visitors
Orthopedist,250 EGP,4.5,Waiting Time : 31 Minutes,6th of October,From 29 Visitors
Gynecologist,150 EGP,,null,El-Haram,null
Dermatologist,200 EGP,5,Waiting Time : 20 Minutes,Nasr City,From 90 Visitors
Internist,250 EGP,4,Waiting Time : 10 Minutes,El-Sheikh Zayed : -Badr Eldeen Mall,From 430 Visitors
Dentist,100 EGP,4.5,Waiting Time : 12 Minutes,El-Zaitoun : selem el awl,From 529 Visitors
Gynecologist,100 EGP,4,Waiting Time : 18 Minutes,Shoubra :  Al Taraa Al Bolaqiea,From 35 Visitors
ENT Doctor,300 EGP,4,Waiting Time : 6 Minutes,Heliopolis : gesr suez,From 431 Visitors
Dentist,100 EGP,4.5,Waiting Time : 19 Minutes,Tanta : Saad Zaghlool square-loaloa Tanta Tower-Above eltwheed w elnoor,From 28 Visitors
ENT Doctor,400 EGP,4.5,Waiting Time : 29 Minutes,6th of October : Prima-vista medical center,From 2208 Visitors
Neurologist,400 EGP,4.5,Waiting Time : 17 Minutes,El-Dokki : El Tahrir St.,From 275 Visitors
Ophthalmologist,700 EGP,4.5,Waiting Time : 53 Minutes,Heliopolis : Aboubakr Elsedik street-Safeer Square-Above ezz Eldeen pharmacy,From 47 Visitors
Gynecologist,200 EGP,4,Waiting Time : 7 Minutes,El-Haram : El talateny elgded of ezz el din omar,From 422 Visitors
Dentist,150 EGP,4.5,Waiting Time : 12 Minutes,El-Mokattam :  Al Eman Mosque,From 81 Visitors
Gynecologist,200 EGP,4.5,Waiting Time : 1 Hour and 1 Minute,Sidy Bishr : Gamal abelnasser st.,From 250 Visitors
Dentist,200 EGP,4,Waiting Time : 19 Minutes,El-Sheikh Zayed : Twin Towers-Damas Dental Center,From 174 Visitors
Cardiologist,250 EGP,4.5,Waiting Time : 1 Hour and 33 Minutes,Assiut city : Youssry Ragheb St.,From 158 Visitors
Internist,150 EGP,4.5,Waiting Time : 1 Hour and 24 Minutes,El Minya City,From 110 Visitors
Dentist,100 EGP,4.5,Waiting Time : 31 Minutes,Hadayek El-Ahram : Ahmed Bedeer,From 481 Visitors
Nutritionist,200 EGP,4.5,Waiting Time : 44 Minutes,Helwan : riad,From 76 Visitors
Nutritionist,80 EGP,4,Waiting Time : 23 Minutes,Helwan : mouhamed sayed ahmed street/rayel stret,From 32 Visitors
Physiotherapist,150 EGP,4.5,Waiting Time : 7 Minutes,Faisal : el arabeen elmaskeen,From 27 Visitors
Dentist,200 EGP,4.5,Waiting Time : 17 Minutes,El-Maadi : street 108,From 113 Visitors
Physiotherapist,120 EGP,4,Waiting Time : 11 Minutes,West El-Balad : Adly,From 42 Visitors
Physiotherapist,200 EGP,5,Waiting Time : 5 Minutes,Heliopolis : abu bakr el sedeek saffir sqaure,From 208 Visitors
Gynecologist,250 EGP,4,Waiting Time : 26 Minutes,Hadayek El-Ahram : zen,From 337 Visitors
Plastic Surgeon,400 EGP,4,Waiting Time : 11 Minutes,El-Ibrahimia : abokeir road,From 123 Visitors
Dermatologist,450 EGP,4,Waiting Time : 23 Minutes,Heliopolis : El Khalifa El Mamoun street,From 909 Visitors
General Surgeon,200 EGP,4.5,Waiting Time : 10 Minutes,Faisal,From 493 Visitors
Internist,350 EGP,4,Waiting Time : 19 Minutes,Heliopolis,From 449 Visitors
Pediatrician,150 EGP,4.5,Waiting Time : 33 Minutes,Ain Shams,From 209 Visitors
Internist,400 EGP,,null,Beverly Hills,null
Physiotherapist,80 EGP,4,Waiting Time : 29 Minutes,Helwan : mohamed sayed ahmed street with rayel street,From 41 Visitors
Internist,250 EGP,4,Waiting Time : 15 Minutes,El-Abbasia : sergany st-abdo basha,From 39 Visitors
Physiotherapist,65 EGP,5,Waiting Time : 15 Minutes,El-Mansoura,From 16 Visitors
Dermatologist,200 EGP,4.5,Waiting Time : 35 Minutes,El-Ibrahimia,From 68 Visitors
Orthopedist,250 EGP,4.5,Waiting Time : 31 Minutes,6th of October,From 29 Visitors
Gynecologist,150 EGP,,null,El-Haram,null
Dermatologist,200 EGP,5,Waiting Time : 20 Minutes,Nasr City,From 90 Visitors
Dentist,100 EGP,4.5,Waiting Time : 9 Minutes,El-Manyal : Manial Museum Street,From 90 Visitors
Dentist,150 EGP,4.5,Waiting Time : 27 Minutes,El-Haram : Ezz El-Deen Omar Arish station Behind misr Bank,From 987 Visitors
Dentist,400 EGP,4.5,Waiting Time : 8 Minutes,El-Sheikh Zayed : Beverly Hills-gate 9,From 68 Visitors
Dentist,300 EGP,4.5,Waiting Time : 31 Minutes,Nasr City : Makram Abeid,From 68 Visitors
Dentist,200 EGP,4.5,Waiting Time : 11 Minutes,El-Shorouk : grand mall third east expansions,From 91 Visitors
General Surgeon,250 EGP,4.5,Waiting Time : 5 Minutes,El-Mansoura,From 38 Visitors
Dentist,200 EGP,4.5,Waiting Time : 5 Minutes,El-Shorouk : main road (Gate 1 ismallia road),From 162 Visitors
Surgical Oncologist,300 EGP,5,Waiting Time : 19 Minutes,El-Maadi : EL Laselky street-beside Moamen square,From 41 Visitors
Dentist,350 EGP,4.5,Waiting Time : 9 Minutes,Nasr City : abo dawood zahry,From 114 Visitors
Gynecologist,300 EGP,5,Waiting Time : 1 Hour and 33 Minutes,El-Dokki : El Tahrir st.,From 113 Visitors
Dentist,250 EGP,5,Waiting Time : 22 Minutes,Heliopolis : othman ibn affan- Ismailia square,From 548 Visitors
Dentist,350 EGP,5,Waiting Time : 10 Minutes,El-Sheikh Zayed : elshabab,From 111 Visitors
Gynecologist,300 EGP,4,Waiting Time : 1 Hour and 1 Minute,Hadayek El-Kobba : Elgrash,From 22 Visitors
Internist,400 EGP,4.5,Waiting Time : 17 Minutes,El-Mansoura : Al seka algdeda,From 48 Visitors
Orthopedist,250 EGP,4.5,Waiting Time : 21 Minutes,Imbaba : Main wehda street,From 60 Visitors
Nutritionist,350 EGP,5,Waiting Time : 8 Minutes,El-Sheikh Zayed,From 145 Visitors
ENT Doctor,150 EGP,4,Waiting Time : 32 Minutes,"Ain Shams : 70 Khaled Ebn El Waleed st., From Mostafa Hafez st., Beside Zaher, Guesr El Suez st., In front of El Shams club",From 363 Visitors
Pulmonologist,300 EGP,4,Waiting Time : 19 Minutes,"6th of October : 7th distric, 1st neigborhood",From 174 Visitors
Dentist,150 EGP,4.5,Waiting Time : 21 Minutes,Faisal : hassan mohamed station-Feisal,From 814 Visitors
Internist,300 EGP,5,Waiting Time : 49 Minutes,Faisal : King Faisal street,From 1882 Visitors
Physiotherapist,250 EGP,4.5,Waiting Time : 10 Minutes,Hadayek El-Ahram : District G First Gate,From 9 Visitors
Dentist,200 EGP,4.5,Waiting Time : 23 Minutes,El-Rehab : Medical Center 3 clinic 209,From 85 Visitors
Dentist,250 EGP,4.5,Waiting Time : 16 Minutes,El-Maadi : 233,From 307 Visitors
Ophthalmologist,300 EGP,5,Waiting Time : 14 Minutes,New Cairo : Mostafa kamel,From 529 Visitors
Dentist,100 EGP,4.5,Waiting Time : 9 Minutes,Mahalla : Al Fareek Reda Hafez st.,From 94 Visitors
Orthopedist,250 EGP,4.5,Waiting Time : 14 Minutes,El-Haram : khatam Al Morsalen Street,From 147 Visitors
Vascular Surgeon,70 EGP,4,Waiting Time : 33 Minutes,Bakos : elhelal nady str,From 114 Visitors
Gynecologist,150 EGP,4,Waiting Time : 14 Minutes,El-Dokki : El Tahrir street,From 69 Visitors
Dentist,200 EGP,4.5,Waiting Time : 15 Minutes,New Cairo : medical park 1,From 70 Visitors
Dentist,250 EGP,4.5,Waiting Time : 10 Minutes,El-Sheikh Zayed : Downtown mall,From 156 Visitors
ENT Doctor,400 EGP,4.5,Waiting Time : 29 Minutes,6th of October : Prima-vista medical center,From 2208 Visitors
Dentist,250 EGP,5,Waiting Time : 10 Minutes,Nasr City : Afracia street-extention of mostafa elnahas street-9 th zone-after PIZZA HUT restaurant,From 216 Visitors
Internist,250 EGP,4,Waiting Time : 10 Minutes,El-Sheikh Zayed : -Badr Eldeen Mall,From 430 Visitors
Physiotherapist,100 EGP,4.5,Waiting Time : 20 Minutes,Helwan,From 143 Visitors
Neurologist,400 EGP,4.5,Waiting Time : 17 Minutes,El-Dokki : El Tahrir St.,From 275 Visitors
Pediatrician,200 EGP,5,Waiting Time : 14 Minutes,El-Badrashin : Athar Saqara,From 19 Visitors
Plastic Surgeon,500 EGP,5,Waiting Time : 29 Minutes,null,From 19 Visitors
Gynecologist,175 EGP,5,Waiting Time : 13 Minutes,null,From 16 Visitors
General Surgeon,130 EGP,5,Waiting Time : 8 Minutes,El-Agamy : Alex Matrouh Road-Abo Youssef-Besides Elsaberen Mosque,From 16 Visitors
Psychiatrist,250 EGP,5,Waiting Time : 10 Minutes,null,From 16 Visitors
Ophthalmologist,180 EGP,5,Waiting Time : 14 Minutes,Banha : Saad Zaghloul Street - Anani Tower,From 19 Visitors
Pediatrician,300 EGP,5,Waiting Time : 21 Minutes,null,From 19 Visitors
Phoniatrician,350 EGP,5,Waiting Time : 8 Minutes,El-Shorouk : Al shorouk,From 18 Visitors
Dermatologist,400 EGP,5,Waiting Time : 16 Minutes,null,From 15 Visitors
Gynecologist,150 EGP,5,Waiting Time : 14 Minutes,Assiut city : thabet Street,From 19 Visitors
Pulmonologist,200 EGP,5,Waiting Time : 10 Minutes,El-Mansoura : Gehan,From 14 Visitors
Ophthalmologist,175 EGP,5,Waiting Time : 38 Minutes,El-Amreya : Elamreya,From 14 Visitors
Pulmonologist,200 EGP,5,Waiting Time : 15 Minutes,"El-Zagazig : Salah salem Clinics,,Salah Salem St",From 15 Visitors
Nutritionist,350 EGP,5,Waiting Time : 1 Hour and 34 Minutes,Nasr City : nasr st,From 14 Visitors
Vascular Surgeon,250 EGP,5,Waiting Time : 22 Minutes,Hadayek El-Kobba : misr wa alsudan,From 15 Visitors
Nutritionist,180 EGP,5,Waiting Time : 23 Minutes,Shibin El-Kom : Abdelkhalek Street from Assem Hama Street,From 14 Visitors
Pediatrician,110 EGP,5,Waiting Time : 10 Minutes,El-Mansoura : Elgendy Tower fromGehan El Sadat Street,From 15 Visitors
Pediatrician,150 EGP,5,Waiting Time : 6 Minutes,Damanhur : abd elsalam el shazly,From 15 Visitors
Gynecologist,450 EGP,5,Waiting Time : 27 Minutes,null,From 14 Visitors
Rheumatologist,400 EGP,5,Waiting Time : 9 Minutes,Nasr City :  Elnozha st.,From 14 Visitors
,150,,null,null,null
Gynecologist,300 EGP,5,Waiting Time : 37 Minutes,El-Maadi : Kornish Maadi street,From 13 Visitors
Psychiatrist,400 EGP,5,Waiting Time : 25 Minutes,null,From 14 Visitors
Internist,200 EGP,5,Waiting Time : 26 Minutes,null,From 13 Visitors
Obesity Surgeon,300 EGP,5,Waiting Time : 11 Minutes,Heliopolis : Hassan Sadek from elmarghany street,From 12 Visitors
Oncologist,200 EGP,5,Waiting Time : 7 Minutes,Tanta : The intersection of Al Bahr Street with Al Khan,From 12 Visitors
Dentist,100 EGP,5,Waiting Time : 15 Minutes,Shoubra : Solwans St from Shoubra st - menyt elserg,From 12 Visitors
Endocrinologist,350 EGP,5,Waiting Time : 33 Minutes,null,From 13 Visitors
Gynecologist,700 EGP,5,Waiting Time : 13 Minutes,El-Rehab : The Fount Mall North investors,From 13 Visitors
Gynecologist,200 EGP,5,Waiting Time : 38 Minutes,null,From 13 Visitors
Plastic Surgeon,400 EGP,5,Waiting Time : 8 Minutes,Stanley : El- Gaish Roaf,From 11 Visitors
Gynecologist,300 EGP,5,Waiting Time : 1 Hour,Smouha :  Fawzy Moaz,From 11 Visitors
Plastic Surgeon,300 EGP,5,Waiting Time : 16 Minutes,Hadayek El-Kobba : lotfy el sayed,From 11 Visitors
Dentist,100 EGP,5,Waiting Time : 16 Minutes,Bahary : safr basha,From 11 Visitors
Neurologist,350 EGP,5,Waiting Time : 9 Minutes,null,From 12 Visitors
General Surgeon,115 EGP,5,Waiting Time : 7 Minutes,El-Zagazig : Elmahad Eldeny street,From 11 Visitors
Cardiologist,150 EGP,5,Waiting Time : 25 Minutes,Tanta : Segar St,From 11 Visitors
Pediatrician,400 EGP,5,Waiting Time : 32 Minutes,Nasr City : anwar elmofty,From 11 Visitors
Dentist,120 EGP,5,Waiting Time : 8 Minutes,null,From 11 Visitors
Gynecologist,400 EGP,5,Waiting Time : 10 Minutes,El-Sheikh Zayed : Khamael City-gate 4-administration gates-infront of GLOURS School,From 11 Visitors
Dentist,120 EGP,5,Waiting Time : 10 Minutes,null,From 10 Visitors
Orthopedist,500 EGP,5,Waiting Time : 1 Hour,null,From 11 Visitors
Psychiatrist,200 EGP,5,Waiting Time : 26 Minutes,null,From 11 Visitors
Hematologist,400 EGP,5,Waiting Time : 11 Minutes,null,From 10 Visitors
Orthopedist,200 EGP,5,Waiting Time : 23 Minutes,null,From 10 Visitors
Endocrinologist,400 EGP,5,Waiting Time : 31 Minutes,Heliopolis : Cleopatra St,From 11 Visitors
Dermatologist,750 EGP,5,Waiting Time : 27 Minutes,null,From 10 Visitors
Nutritionist,250 EGP,5,Waiting Time : 7 Minutes,Sidy Gaber : Super Jet Square Street,From 10 Visitors
Psychiatrist,250 EGP,5,Waiting Time : 22 Minutes,null,From 10 Visitors
Orthopedist,300 EGP,5,Waiting Time : 13 Minutes,Roshdy : Elhoreya street-Roshdy,From 10 Visitors
Dentist,100 EGP,5,Waiting Time : 4 Minutes,null,From 8 Visitors
Dentist,100 EGP,5,Waiting Time : 4 Minutes,null,From 8 Visitors
Gynecologist,100 EGP,5,Waiting Time : 24 Minutes,Mahalla : shon,From 8 Visitors
Gynecologist,100 EGP,5,Waiting Time : 24 Minutes,Mahalla : shon,From 8 Visitors
Dentist,100 EGP,5,Waiting Time : 21 Minutes,null,From 8 Visitors
Dentist,100 EGP,5,Waiting Time : 21 Minutes,null,From 8 Visitors
Nutritionist,700 EGP,5,Waiting Time : 15 Minutes,El-Sheikh Zayed : Elmehwar Elmarkazi,From 8 Visitors
Nutritionist,700 EGP,5,Waiting Time : 15 Minutes,El-Sheikh Zayed : Elmehwar Elmarkazi,From 8 Visitors
Pediatrician,250 EGP,5,Waiting Time : 17 Minutes,null,From 8 Visitors
Pediatrician,250 EGP,5,Waiting Time : 17 Minutes,null,From 8 Visitors
Dentist,300 EGP,5,Waiting Time : 13 Minutes,Nasr City : EL Nasr ST,From 8 Visitors
Dentist,300 EGP,5,Waiting Time : 13 Minutes,Nasr City : EL Nasr ST,From 8 Visitors
Internist,"1,500 EGP",5,Waiting Time : 20 Minutes,New Cairo : S. Teseen,From 8 Visitors
Internist,"1,500 EGP",5,Waiting Time : 20 Minutes,New Cairo : S. Teseen,From 8 Visitors
Cardiologist,350 EGP,5,Waiting Time : 5 Minutes,El-Sheikh Zayed : District 12 Courtyard zayed,From 8 Visitors
Nutritionist,300 EGP,5,Waiting Time : 13 Minutes,null,From 8 Visitors
Nutritionist,300 EGP,5,Waiting Time : 13 Minutes,null,From 8 Visitors
Gynecologist,120 EGP,5,Waiting Time : 13 Minutes,El-Mansoura : Elnour Tower-Salah Salem Street-Talkha,From 8 Visitors
Ophthalmologist,300 EGP,5,Waiting Time : 14 Minutes,El-Shorouk : Panorama Mall Street,From 8 Visitors
Ophthalmologist,300 EGP,5,Waiting Time : 14 Minutes,El-Shorouk : Panorama Mall Street,From 8 Visitors
Ophthalmologist,400 EGP,5,Waiting Time : 8 Minutes,null,From 7 Visitors
Ophthalmologist,400 EGP,5,Waiting Time : 8 Minutes,null,From 7 Visitors
General Surgeon,200 EGP,5,Waiting Time : 7 Minutes,Shibin El-Kom : gamal abdelnaser bahary street,From 7 Visitors
General Surgeon,200 EGP,5,Waiting Time : 7 Minutes,Shibin El-Kom : gamal abdelnaser bahary street,From 7 Visitors
Cardiologist,350 EGP,5,Waiting Time : 15 Minutes,null,From 7 Visitors
Cardiologist,350 EGP,5,Waiting Time : 15 Minutes,null,From 7 Visitors
Cardiologist,350 EGP,5,Waiting Time : 10 Minutes,null,From 7 Visitors
Cardiologist,350 EGP,5,Waiting Time : 10 Minutes,null,From 7 Visitors
Orthopedist,350 EGP,5,Waiting Time : 8 Minutes,Nasr City : Osman Buildings-Ali Amin Street Extension Of Mostafa Elnahas Street-Above Seventh District Post Office,From 7 Visitors
Orthopedist,350 EGP,5,Waiting Time : 8 Minutes,Nasr City : Osman Buildings-Ali Amin Street Extension Of Mostafa Elnahas Street-Above Seventh District Post Office,From 7 Visitors
Nutritionist,100 EGP,5,Waiting Time : 41 Minutes,Birket El Sabea : western side,From 7 Visitors
Nutritionist,100 EGP,5,Waiting Time : 41 Minutes,Birket El Sabea : western side,From 7 Visitors
Orthopedist,400 EGP,5,Waiting Time : 41 Minutes,null,From 7 Visitors
Orthopedist,400 EGP,5,Waiting Time : 41 Minutes,null,From 7 Visitors
Pediatric Surgeon,300 EGP,5,Waiting Time : 12 Minutes,El-Haram : Al Haram street In front of Gad,From 7 Visitors
Pediatric Surgeon,300 EGP,5,Waiting Time : 12 Minutes,El-Haram : Al Haram street In front of Gad,From 7 Visitors
Pediatrician,400 EGP,5,Waiting Time : 10 Minutes,null,From 7 Visitors
Pediatrician,400 EGP,5,Waiting Time : 10 Minutes,null,From 7 Visitors
Plastic Surgeon,400 EGP,5,Waiting Time : 10 Minutes,New Cairo : North Teseen,From 7 Visitors
Gynecologist,250 EGP,5,Waiting Time : 8 Minutes,Nasr City : Ibn el nafees street,From 6 Visitors
General Surgeon,400 EGP,5,Waiting Time : 21 Minutes,null,From 7 Visitors
Dermatologist,200 EGP,5,Waiting Time : 8 Minutes,null,From 7 Visitors
Dentist,50 EGP,5,Waiting Time : 26 Minutes,null,From 7 Visitors
Cardiologist,400 EGP,5,Waiting Time : 30 Minutes,Faisal : faisal street,From 6 Visitors
Gynecologist,150 EGP,5,Waiting Time : 16 Minutes,Boulaq El Dakrour : Mohamed Ibrahim Street-At the intersection of nahya street,From 7 Visitors
Dermatologist,400 EGP,5,Waiting Time : 11 Minutes,null,From 7 Visitors
Orthopedist,350 EGP,5,Waiting Time : 18 Minutes,null,From 7 Visitors
Oncologist,350 EGP,5,Waiting Time : 6 Minutes,El-Mansoura : hussen bek street,From 6 Visitors
Oncologist,350 EGP,5,Waiting Time : 11 Minutes,null,From 6 Visitors
Gynecologist,200 EGP,5,Waiting Time : 13 Minutes,Smouha : Bahaa Eldin Elghatwary Street-,From 6 Visitors
Dentist,200 EGP,5,Waiting Time : 7 Minutes,6th of October : Prima Vista Medical-Elmehwar Elmarkazi,From 6 Visitors
Dentist,300 EGP,5,Waiting Time : 6 Minutes,Nasr City : EL Nasr ST,From 6 Visitors
Internist,500 EGP,5,Waiting Time : 23 Minutes,null,From 6 Visitors
Dentist,200 EGP,5,Waiting Time : 13 Minutes,null,From 6 Visitors
Spinal Surgeon,250 EGP,5,Waiting Time : 32 Minutes,null,From 6 Visitors
Pediatrician,95 EGP,5,Waiting Time : 6 Minutes,Shibin Al Qanater : Old Labor Office Street,From 6 Visitors
Orthopedist,130 EGP,5,Waiting Time : 18 Minutes,Mahalla : El Bahr.Alshoun,From 6 Visitors
Internist,300 EGP,5,Waiting Time : 7 Minutes,null,From 6 Visitors
Gastroenterologist,350 EGP,5,Waiting Time : 14 Minutes,"Heliopolis : Nehro,Heliopolis",From 5 Visitors
Orthopedist,500 EGP,5,Waiting Time : 36 Minutes,null,From 5 Visitors
Gynecologist,175 EGP,5,Waiting Time : 10 Minutes,null,From 5 Visitors
Physiotherapist,300 EGP,5,Waiting Time : 2 Minutes,Nasr City :  Metwally elsharawy,From 5 Visitors
General Surgeon,150 EGP,5,Waiting Time : 8 Minutes,null,From 5 Visitors
Cardiologist,650 EGP,5,Waiting Time : 50 Minutes,null,From 5 Visitors
Surgical Oncologist,400 EGP,5,Waiting Time : 9 Minutes,null,From 5 Visitors
Neurosurgeon,400 EGP,5,Waiting Time : 12 Minutes,null,From 5 Visitors
Nutritionist,300 EGP,5,Waiting Time : 14 Minutes,null,From 5 Visitors
Neurologist,500 EGP,5,Waiting Time : 2 Hours and 8 Minutes,null,From 5 Visitors
Neurosurgeon,450 EGP,5,Waiting Time : 20 Minutes,null,From 5 Visitors
Pediatrician,250 EGP,5,Waiting Time : 8 Minutes,null,From 5 Visitors
Orthopedist,500 EGP,5,Waiting Time : 27 Minutes,null,From 5 Visitors
Vascular Surgeon,500 EGP,5,Waiting Time : 30 Minutes,null,From 5 Visitors
ENT Doctor,650 EGP,5,Waiting Time : 33 Minutes,null,From 5 Visitors
Ophthalmologist,200 EGP,5,Waiting Time : 3 Minutes,El-Mansoura : streert beside El Adeeb street,From 5 Visitors
Neurosurgeon,500 EGP,5,Waiting Time : 7 Minutes,null,From 5 Visitors
Psychiatrist,200 EGP,5,Waiting Time : 26 Minutes,null,From 5 Visitors
ENT Doctor,650 EGP,5,Waiting Time : 29 Minutes,null,From 5 Visitors
ENT Doctor,150 EGP,5,Waiting Time : 8 Minutes,null,From 4 Visitors
Dentist,300 EGP,5,Waiting Time : 6 Minutes,null,From 4 Visitors
Dentist,300 EGP,5,Waiting Time : 7 Minutes,null,From 4 Visitors
Neurologist,250 EGP,5,Waiting Time : 11 Minutes,null,From 4 Visitors
Rheumatologist,400 EGP,5,Waiting Time : 15 Minutes,null,From 4 Visitors
Orthopedist,300 EGP,5,Waiting Time : 8 Minutes,null,From 4 Visitors
Dentist,300 EGP,5,Waiting Time : 8 Minutes,null,From 4 Visitors
Dentist,100 EGP,5,Waiting Time : 13 Minutes,Smouha : el Nasr street,From 4 Visitors
Cardiologist,150 EGP,5,Waiting Time : 17 Minutes,Damietta El Gadeeda : mahgoub street,From 4 Visitors
Anesthesiologist,200 EGP,,null,Tanta : Botros,null
Gynecologist,150 EGP,4.5,Waiting Time : 28 Minutes,Faisal : Ahmed esmail street branched from Kaaebesh Street-besides Sayed Elsherbiny Beauty Center,From 3 Visitors
Dentist,200 EGP,,null,Loran : El Horreya Street,null
Gynecologist,150 EGP,,null,El-Haram : Elharam,null
Pediatrician,250 EGP,,null,El-Shorouk : Panorama Mall Street,null
Physiotherapist,65 EGP,5,Waiting Time : 15 Minutes,El-Mansoura : Gomhoria,From 16 Visitors
Dermatologist,200 EGP,4.5,Waiting Time : 35 Minutes,El-Ibrahimia : Lagatia Street,From 68 Visitors
Dentist,250 EGP,,null,El-Dokki : null,From   Visitor
Dermatologist,200 EGP,5,Waiting Time : 20 Minutes,Nasr City : Street 11,From 90 Visitors
Physiotherapist,65 EGP,5,Waiting Time : 15 Minutes,El-Mansoura : Gomhoria,From 16 Visitors
Physiotherapist,65 EGP,5,Waiting Time : 15 Minutes,El-Mansoura : Gomhoria,From 16 Visitors
Physiotherapist,65 EGP,5,Waiting Time : 15 Minutes,El-Mansoura : Gomhoria,From 16 Visitors
Physiotherapist,65 EGP,5,Waiting Time : 15 Minutes,El-Mansoura : Gomhoria,From 16 Visitors
Oncologist,450 EGP,5,Waiting Time : 18 Minutes,null,From 9 Visitors
Internist,250 EGP,5,Waiting Time : 25 Minutes,null,From 7 Visitors
Physiotherapist,400 EGP,5,Waiting Time : 8 Minutes,6th of October : above el-mokhtbar laboratory,From 7 Visitors
General Surgeon,300 EGP,5,Waiting Time : 8 Minutes,West El-Balad : Alabagieah Buildings-Elsayeda Aisha,From 7 Visitors
Orthopedist,250 EGP,5,Waiting Time : 22 Minutes,null,From 9 Visitors
Gastroenterologist,400 EGP,5,Waiting Time : 32 Minutes,null,From 9 Visitors
Allergist,400 EGP,5,Waiting Time : 10 Minutes,null,From 4 Visitors
Gynecologist,500 EGP,5,Waiting Time : 36 Minutes,null,From 9 Visitors
Anesthesiologist,400 EGP,5,Waiting Time : 8 Minutes,null,From 4 Visitors
Physiotherapist,100 EGP,5,Waiting Time : 10 Minutes,null,From 4 Visitors
Gynecologist,300 EGP,5,Waiting Time : 28 Minutes,null,From 4 Visitors
Pediatrician,300 EGP,5,Waiting Time : 8 Minutes,null,From 4 Visitors
Dentist,175 EGP,5,Waiting Time : 8 Minutes,null,From 4 Visitors
Dentist,300 EGP,5,Waiting Time : 9 Minutes,Nasr City : EL Nasr ST,From 5 Visitors
Internist,650 EGP,5,Waiting Time : 17 Minutes,null,From 7 Visitors
Neurosurgeon,750 EGP,5,Waiting Time : 24 Minutes,null,From 7 Visitors
Surgical Oncologist,400 EGP,5,Waiting Time : 58 Minutes,null,From 4 Visitors
Orthopedist,400 EGP,5,Waiting Time : 14 Minutes,null,From 7 Visitors
Nutritionist,300 EGP,5,Waiting Time : 10 Minutes,null,From 7 Visitors
Gynecologist,750 EGP,5,Waiting Time : 16 Minutes,null,From 4 Visitors
Cardiologist,120 EGP,5,Waiting Time : 8 Minutes,El-Zagazig : the beginning of Farooq st,From 5 Visitors
Dentist,300 EGP,5,Waiting Time : 14 Minutes,null,From 5 Visitors
Surgical Oncologist,500 EGP,5,Waiting Time : 23 Minutes,null,From 4 Visitors
Cardiologist,350 EGP,5,Waiting Time : 5 Minutes,El-Sheikh Zayed : District 12 Courtyard zayed,From 8 Visitors
Cardiologist,300 EGP,5,Waiting Time : 16 Minutes,null,From 4 Visitors
Pediatrician,350 EGP,5,Waiting Time : 10 Minutes,null,From 7 Visitors
Andrologist,250 EGP,5,Waiting Time : 10 Minutes,Hadayek El-Kobba : Teraet elgendy st,From 9 Visitors
Cardiologist,300 EGP,5,Waiting Time : 16 Minutes,null,From 5 Visitors
Psychiatrist,600 EGP,5,Waiting Time : 18 Minutes,null,From 5 Visitors
ENT Doctor,150 EGP,5,Waiting Time : 11 Minutes,Janaklees : Abo Qir street,From 4 Visitors
ENT Doctor,500 EGP,5,Waiting Time : 58 Minutes,null,From 4 Visitors
Surgical Oncologist,150 EGP,5,Waiting Time : 15 Minutes,Tanta : Elmoderia,From 8 Visitors
General Surgeon,400 EGP,5,Waiting Time : 16 Minutes,null,From 5 Visitors
Gynecologist,250 EGP,5,Waiting Time : 15 Minutes,null,From 4 Visitors
Dentist,300 EGP,5,Waiting Time : 11 Minutes,null,From 4 Visitors
Pediatrician,650 EGP,5,Waiting Time : 40 Minutes,null,From 7 Visitors
Physiotherapist,200 EGP,5,Waiting Time : 7 Minutes,Nasr City : Makram Ebaid,From 5 Visitors
Orthopedist,300 EGP,5,Waiting Time : 30 Minutes,null,From 4 Visitors
Plastic Surgeon,200 EGP,5,Waiting Time : 32 Minutes,Faisal : Faisal street - Talbeia,From 9 Visitors
Physiotherapist,200 EGP,5,Waiting Time : 17 Minutes,Shoubra : shopra,From 10 Visitors
Physiotherapist,100 EGP,5,Waiting Time : 8 Minutes,Hadayek Helwan : almonzer,From 4 Visitors
Orthopedist,400 EGP,5,Waiting Time : 12 Minutes,New Cairo : north teseen street,From 4 Visitors
General Surgeon,500 EGP,5,Waiting Time : 10 Minutes,null,From 5 Visitors
Dermatologist,500 EGP,5,Waiting Time : 34 Minutes,null,From 7 Visitors
Rheumatologist,500 EGP,5,Waiting Time : 15 Minutes,null,From 4 Visitors
Pediatrician,350 EGP,5,Waiting Time : 21 Minutes,null,From 4 Visitors
Gynecologist,450 EGP,5,Waiting Time : 8 Minutes,null,From 5 Visitors
Neurosurgeon,300 EGP,5,Waiting Time : 15 Minutes,El-Shorouk : Panorama Mall Street,From 4 Visitors
Cardiologist,150 EGP,5,Waiting Time : 8 Minutes,Moharam Bek : Galal El Dosoky street -Wabour El Meah,From 8 Visitors
Dentist,200 EGP,5,Waiting Time : 8 Minutes,null,From 5 Visitors
Oncologist,450 EGP,5,Waiting Time : 18 Minutes,null,From 9 Visitors
Internist,250 EGP,5,Waiting Time : 25 Minutes,null,From 7 Visitors
Physiotherapist,400 EGP,5,Waiting Time : 8 Minutes,6th of October : above el-mokhtbar laboratory,From 7 Visitors
General Surgeon,300 EGP,5,Waiting Time : 8 Minutes,West El-Balad : Alabagieah Buildings-Elsayeda Aisha,From 7 Visitors
Orthopedist,250 EGP,5,Waiting Time : 22 Minutes,null,From 9 Visitors
Orthopedist,300 EGP,5,Waiting Time : 13 Minutes,null,From 6 Visitors
Gastroenterologist,400 EGP,5,Waiting Time : 32 Minutes,null,From 9 Visitors
Allergist,400 EGP,5,Waiting Time : 10 Minutes,null,From 4 Visitors
Gynecologist,500 EGP,5,Waiting Time : 36 Minutes,null,From 9 Visitors
Anesthesiologist,400 EGP,5,Waiting Time : 8 Minutes,null,From 4 Visitors
Hematologist,300 EGP,5,Waiting Time : 9 Minutes,null,From 6 Visitors
Ophthalmologist,250 EGP,5,Waiting Time : 8 Minutes,El-Maadi : nasr st elgazaaer st,From 28 Visitors
Ophthalmologist,130 EGP,5,Waiting Time : 9 Minutes,Damietta El Gadeeda : Centeral Area,From 26 Visitors
Pediatrician,300 EGP,5,Waiting Time : 8 Minutes,null,From 4 Visitors
Dentist,300 EGP,5,Waiting Time : 9 Minutes,Nasr City : EL Nasr ST,From 5 Visitors
Internist,650 EGP,5,Waiting Time : 17 Minutes,null,From 7 Visitors
Neurosurgeon,750 EGP,5,Waiting Time : 24 Minutes,null,From 7 Visitors
Nutritionist,100 EGP,5,Waiting Time : 23 Minutes,null,From 5 Visitors
Surgical Oncologist,400 EGP,5,Waiting Time : 58 Minutes,null,From 4 Visitors
Internist,200 EGP,5,Waiting Time : 13 Minutes,null,From 29 Visitors
Gynecologist,500 EGP,5,Waiting Time : 8 Minutes,null,From 6 Visitors
Orthopedist,400 EGP,5,Waiting Time : 14 Minutes,null,From 7 Visitors
Nutritionist,300 EGP,5,Waiting Time : 10 Minutes,null,From 7 Visitors
Cardiologist,300 EGP,5,Waiting Time : 15 Minutes,El-Manyal : El-Manyal street,From 51 Visitors
Gynecologist,750 EGP,5,Waiting Time : 16 Minutes,null,From 4 Visitors
Physiotherapist,250 EGP,5,Waiting Time : 12 Minutes,null,From 37 Visitors
Pulmonologist,350 EGP,5,Waiting Time : 20 Minutes,null,From 6 Visitors
Cardiologist,120 EGP,5,Waiting Time : 8 Minutes,El-Zagazig : the beginning of Farooq st,From 5 Visitors
Dentist,300 EGP,5,Waiting Time : 14 Minutes,null,From 5 Visitors
Cardiologist,300 EGP,5,Waiting Time : 16 Minutes,null,From 4 Visitors
Pediatrician,350 EGP,5,Waiting Time : 10 Minutes,null,From 7 Visitors
Spinal Surgeon,250 EGP,5,Waiting Time : 32 Minutes,null,From 6 Visitors
Andrologist,250 EGP,5,Waiting Time : 10 Minutes,Hadayek El-Kobba : Teraet elgendy st,From 9 Visitors
Cardiologist,300 EGP,5,Waiting Time : 16 Minutes,null,From 5 Visitors
Dentist,100 EGP,5,Waiting Time : 9 Minutes,null,From 29 Visitors
Anesthesiologist,500 EGP,5,Waiting Time : 25 Minutes,null,From 6 Visitors
Surgical Oncologist,150 EGP,5,Waiting Time : 15 Minutes,Tanta : Elmoderia,From 8 Visitors
General Surgeon,400 EGP,5,Waiting Time : 16 Minutes,null,From 5 Visitors
Gynecologist,250 EGP,5,Waiting Time : 15 Minutes,null,From 4 Visitors
Dentist,300 EGP,5,Waiting Time : 11 Minutes,null,From 4 Visitors
Orthopedist,250 EGP,5,Waiting Time : 7 Minutes,El-Giza : Hamadan,From 5 Visitors
Infertility Specialist,525 EGP,5,Waiting Time : 52 Minutes,null,From 4 Visitors
Obesity Surgeon,450 EGP,5,Waiting Time : 43 Minutes,Heliopolis : 77 Abd ElHamid Badawy St. - Heliopolis - In front of El Shams Club - Above Spectra Restaurant .,From 62 Visitors
Pediatrician,650 EGP,5,Waiting Time : 40 Minutes,null,From 7 Visitors
Plastic Surgeon,200 EGP,5,Waiting Time : 32 Minutes,Faisal : Faisal street - Talbeia,From 9 Visitors
Physiotherapist,200 EGP,5,Waiting Time : 17 Minutes,Shoubra : shopra,From 10 Visitors
Orthopedist,400 EGP,5,Waiting Time : 12 Minutes,New Cairo : north teseen street,From 4 Visitors
General Surgeon,500 EGP,5,Waiting Time : 10 Minutes,null,From 5 Visitors
Dermatologist,500 EGP,5,Waiting Time : 34 Minutes,null,From 7 Visitors
Nutritionist,250 EGP,5,Waiting Time : 17 Minutes,Smouha : smouha garden city,From 6 Visitors
Gynecologist,120 EGP,5,Waiting Time : 13 Minutes,El-Mansoura : Elnour Tower-Salah Salem Street-Talkha,From 8 Visitors
Dentist,100 EGP,5,Waiting Time : 8 Minutes,null,From 23 Visitors
Cardiologist,400 EGP,5,Waiting Time : 19 Minutes,null,From 41 Visitors
Cardiologist,350 EGP,5,Waiting Time : 30 Minutes,"Heliopolis : Nehro,Heliopolis",From 6 Visitors
Gynecologist,500 EGP,5,Waiting Time : 15 Minutes,Heliopolis : Othman bin Afan,From 24 Visitors
Pediatrician,300 EGP,5,Waiting Time : 15 Minutes,null,From 6 Visitors
Gynecologist,450 EGP,5,Waiting Time : 8 Minutes,null,From 5 Visitors
Gynecologist,300 EGP,5,Waiting Time : 9 Minutes,El-Rehab : Medical Park Elite,From 6 Visitors
Cardiologist,150 EGP,5,Waiting Time : 8 Minutes,Moharam Bek : Galal El Dosoky street -Wabour El Meah,From 8 Visitors
Dentist,200 EGP,5,Waiting Time : 8 Minutes,null,From 5 Visitors
Physiotherapist,65 EGP,5,Waiting Time : 15 Minutes,El-Mansoura : Gomhoria,From 16 Visitors
Pediatric Surgeon,400 EGP,5,Waiting Time : 15 Minutes,null,From 3 Visitors
General Surgeon,450 EGP,5,Waiting Time : 33 Minutes,null,From 3 Visitors
Dermatologist,400 EGP,5,Waiting Time : 30 Minutes,null,From 3 Visitors
Vascular Surgeon,500 EGP,5,Waiting Time : 33 Minutes,null,From 3 Visitors
Dentist,400 EGP,5,Waiting Time : 8 Minutes,null,From 3 Visitors
Dentist,150 EGP,5,Waiting Time : 8 Minutes,"Heliopolis : Ahmed el Dardiry, Ard El Golf",From 3 Visitors
Pediatric Surgeon,400 EGP,5,Waiting Time : 8 Minutes,null,From 3 Visitors
Oncologist,500 EGP,5,Waiting Time : 18 Minutes,null,From 3 Visitors
Gynecologist,300 EGP,5,Waiting Time : 8 Minutes,Nasr City : Ahmed Alzumor street,From 3 Visitors
General Surgeon,350 EGP,5,Waiting Time : 30 Minutes,El-Rehab : Infront of gate 6,From 3 Visitors
Cardiologist,600 EGP,5,Waiting Time : 10 Minutes,El-Mohandessin : Alfawakh St,From 3 Visitors
Orthopedist,300 EGP,5,Waiting Time : 8 Minutes,El-Sheikh Zayed : elmoaz plaza,From 3 Visitors
Ophthalmologist,100 EGP,5,Waiting Time : 17 Minutes,Fakous : Mostafa Kamel Street,From 4 Visitors
Dentist,150 EGP,5,Waiting Time : 6 Minutes,null,From 4 Visitors
Gynecologist,200 EGP,5,Waiting Time : 24 Minutes,Smouha : victor emmanual,From 4 Visitors
Gynecologist,250 EGP,5,Waiting Time : 8 Minutes,null,From 4 Visitors
Cardiologist,350 EGP,5,Waiting Time : 9 Minutes,null,From 4 Visitors
Internist,350 EGP,5,Waiting Time : 8 Minutes,null,From 4 Visitors
Scan Center,2 EGP,5,Waiting Time : 17 Minutes,null,From 4 Visitors
Physiotherapist,100 EGP,5,Waiting Time : 8 Minutes,Hadayek Helwan : almonzer,From 4 Visitors
Gynecologist,300 EGP,5,Waiting Time : 28 Minutes,null,From 4 Visitors
Dentist,175 EGP,5,Waiting Time : 8 Minutes,null,From 4 Visitors
Physiotherapist,100 EGP,5,Waiting Time : 10 Minutes,null,From 4 Visitors
Pediatrician,350 EGP,5,Waiting Time : 21 Minutes,null,From 4 Visitors
Neurosurgeon,300 EGP,5,Waiting Time : 15 Minutes,El-Shorouk : Panorama Mall Street,From 4 Visitors
ENT Doctor,150 EGP,5,Waiting Time : 11 Minutes,Janaklees : Abo Qir street,From 4 Visitors
ENT Doctor,500 EGP,5,Waiting Time : 58 Minutes,null,From 4 Visitors
Surgical Oncologist,500 EGP,5,Waiting Time : 23 Minutes,null,From 4 Visitors
Rheumatologist,500 EGP,5,Waiting Time : 15 Minutes,null,From 4 Visitors
Physiotherapist,65 EGP,5,Waiting Time : 15 Minutes,El-Mansoura : Gomhoria,From 16 Visitors
Dentist,200 EGP,5,Waiting Time : 13 Minutes,null,From 3 Visitors
Dermatologist,300 EGP,5,Waiting Time : 13 Minutes,null,From 3 Visitors
Dentist,200 EGP,5,Waiting Time : 8 Minutes,null,From 3 Visitors
Psychiatrist,250 EGP,5,Waiting Time : 25 Minutes,null,From 3 Visitors
Dentist,130 EGP,5,Waiting Time : 5 Minutes,null,From 3 Visitors
Gynecologist,140 EGP,5,Waiting Time : 4 Minutes,Damanhur : the garden street,From 3 Visitors
Psychiatrist,300 EGP,5,Waiting Time : 6 Minutes,null,From 3 Visitors
Nutritionist,650 EGP,,Waiting Time : 35791394 Hours and 7 Minutes,Heliopolis : Mohamed Al Dahan from Nabile Al Wakad,From 3 Visitors
Gynecologist,400 EGP,5,Waiting Time : 8 Minutes,null,From 3 Visitors
Pulmonologist,300 EGP,5,Waiting Time : 18 Minutes,null,From 3 Visitors
Dentist,350 EGP,5,Waiting Time : 8 Minutes,null,From 3 Visitors
Dentist,100 EGP,5,Waiting Time : 8 Minutes,Heliopolis : mohamed farid,From 3 Visitors
Dentist,150 EGP,5,Waiting Time : 9 Minutes,null,From 3 Visitors
Physiotherapist,100 EGP,5,Waiting Time : 7 Minutes,Hadayek El-Kobba : Alzawia Alhamraa,From 3 Visitors
Internist,200 EGP,5,Waiting Time : 13 Minutes,Sporting : portsaid,From 3 Visitors
Dentist,200 EGP,5,Waiting Time : 8 Minutes,Smouha : Fawzy Moaaz street,From 3 Visitors
Nutritionist,350 EGP,5,Waiting Time : 8 Minutes,null,From 3 Visitors
Internist,400 EGP,5,Waiting Time : 8 Minutes,null,From 3 Visitors
Dentist,200 EGP,5,Waiting Time : 13 Minutes,null,From 3 Visitors
Cardiologist,400 EGP,5,Waiting Time : 8 Minutes,6th of October : 16th unit - city stars,From 3 Visitors
Cardiologist,600 EGP,5,Waiting Time : 10 Minutes,El-Mohandessin : Alfawakh St,From 3 Visitors
Orthopedist,300 EGP,5,Waiting Time : 8 Minutes,El-Sheikh Zayed : elmoaz plaza,From 3 Visitors
Ophthalmologist,100 EGP,5,Waiting Time : 17 Minutes,Fakous : Mostafa Kamel Street,From 4 Visitors
Dentist,150 EGP,5,Waiting Time : 6 Minutes,null,From 4 Visitors
Gynecologist,200 EGP,5,Waiting Time : 24 Minutes,Smouha : victor emmanual,From 4 Visitors
Gynecologist,250 EGP,5,Waiting Time : 8 Minutes,null,From 4 Visitors
Cardiologist,350 EGP,5,Waiting Time : 9 Minutes,null,From 4 Visitors
Internist,350 EGP,5,Waiting Time : 8 Minutes,null,From 4 Visitors
Scan Center,2 EGP,5,Waiting Time : 17 Minutes,null,From 4 Visitors
Pediatric Surgeon,400 EGP,5,Waiting Time : 15 Minutes,null,From 3 Visitors
General Surgeon,450 EGP,5,Waiting Time : 33 Minutes,null,From 3 Visitors
Dermatologist,400 EGP,5,Waiting Time : 30 Minutes,null,From 3 Visitors
Vascular Surgeon,500 EGP,5,Waiting Time : 33 Minutes,null,From 3 Visitors
Dentist,400 EGP,5,Waiting Time : 8 Minutes,null,From 3 Visitors
Dentist,150 EGP,5,Waiting Time : 8 Minutes,"Heliopolis : Ahmed el Dardiry, Ard El Golf",From 3 Visitors
Pediatric Surgeon,400 EGP,5,Waiting Time : 8 Minutes,null,From 3 Visitors
Oncologist,500 EGP,5,Waiting Time : 18 Minutes,null,From 3 Visitors
Gynecologist,300 EGP,5,Waiting Time : 8 Minutes,Nasr City : Ahmed Alzumor street,From 3 Visitors
General Surgeon,350 EGP,5,Waiting Time : 30 Minutes,El-Rehab : Infront of gate 6,From 3 Visitors
Physiotherapist,65 EGP,5,Waiting Time : 15 Minutes,El-Mansoura : Gomhoria,From 16 Visitors
Psychiatrist,250 EGP,5,Waiting Time : 8 Minutes,null,From 3 Visitors
Dentist,150 EGP,5,Waiting Time : 8 Minutes,null,From 3 Visitors
Dentist,120 EGP,5,Waiting Time : 20 Minutes,null,From 3 Visitors
Nutritionist,200 EGP,5,Waiting Time : 8 Minutes,null,From 3 Visitors
Pediatrician,300 EGP,5,Waiting Time : 11 Minutes,null,From 3 Visitors
Psychiatrist,250 EGP,5,Waiting Time : 8 Minutes,null,From 3 Visitors
Rheumatologist,300 EGP,5,Waiting Time : 28 Minutes,null,From 3 Visitors
Spinal Surgeon,400 EGP,5,Waiting Time : 15 Minutes,"Heliopolis : Nehro,Heliopolis",From 3 Visitors
Audiologist,650 EGP,5,Waiting Time : 1 Hour and 14 Minutes,null,From 3 Visitors
Cardiologist,400 EGP,5,Waiting Time : 8 Minutes,El-Sheikh Zayed : twin towers,From 3 Visitors
General Surgeon,350,,null,null,null
Dentist,100 EGP,5,Waiting Time : 8 Minutes,Heliopolis : mohamed farid,From 3 Visitors
Dentist,150 EGP,5,Waiting Time : 9 Minutes,null,From 3 Visitors
Physiotherapist,100 EGP,5,Waiting Time : 7 Minutes,Hadayek El-Kobba : Alzawia Alhamraa,From 3 Visitors
Internist,200 EGP,5,Waiting Time : 13 Minutes,Sporting : portsaid,From 3 Visitors
Dentist,200 EGP,5,Waiting Time : 8 Minutes,Smouha : Fawzy Moaaz street,From 3 Visitors
Nutritionist,350 EGP,5,Waiting Time : 8 Minutes,null,From 3 Visitors
Internist,400 EGP,5,Waiting Time : 8 Minutes,null,From 3 Visitors
Dentist,200 EGP,5,Waiting Time : 13 Minutes,null,From 3 Visitors
Cardiologist,400 EGP,5,Waiting Time : 8 Minutes,6th of October : 16th unit - city stars,From 3 Visitors
Physiotherapist,65 EGP,5,Waiting Time : 15 Minutes,El-Mansoura : Gomhoria,From 16 Visitors
Dentist,200 EGP,5,Waiting Time : 13 Minutes,null,From 3 Visitors
Dermatologist,300 EGP,5,Waiting Time : 13 Minutes,null,From 3 Visitors
Dentist,200 EGP,5,Waiting Time : 8 Minutes,null,From 3 Visitors
Psychiatrist,250 EGP,5,Waiting Time : 25 Minutes,null,From 3 Visitors
Dentist,130 EGP,5,Waiting Time : 5 Minutes,null,From 3 Visitors
Gynecologist,140 EGP,5,Waiting Time : 4 Minutes,Damanhur : the garden street,From 3 Visitors
Psychiatrist,300 EGP,5,Waiting Time : 6 Minutes,null,From 3 Visitors
Gynecologist,400 EGP,5,Waiting Time : 8 Minutes,null,From 3 Visitors
Dentist,350 EGP,5,Waiting Time : 8 Minutes,null,From 3 Visitors
Dentist,150 EGP,5,Waiting Time : 9 Minutes,null,From 3 Visitors
Dentist,100 EGP,5,Waiting Time : 8 Minutes,Heliopolis : mohamed farid,From 3 Visitors
Internist,200 EGP,5,Waiting Time : 13 Minutes,Sporting : portsaid,From 3 Visitors
Dentist,200 EGP,5,Waiting Time : 8 Minutes,Smouha : Fawzy Moaaz street,From 3 Visitors
Nutritionist,350 EGP,5,Waiting Time : 8 Minutes,null,From 3 Visitors
Internist,400 EGP,5,Waiting Time : 8 Minutes,null,From 3 Visitors
Dentist,200 EGP,5,Waiting Time : 13 Minutes,null,From 3 Visitors
Cardiologist,400 EGP,5,Waiting Time : 8 Minutes,6th of October : 16th unit - city stars,From 3 Visitors
Family Doctor,140 EGP,5,Waiting Time : 47 Minutes,Tanta : tanta sharawy st,From 3 Visitors
Pediatrician,650 EGP,5,Waiting Time : 8 Minutes,null,From 3 Visitors
Gynecologist,200 EGP,5,Waiting Time : 8 Minutes,null,From 3 Visitors
Cardiologist,350 EGP,5,Waiting Time : 40 Minutes,null,From 3 Visitors
Pediatric Surgeon,500 EGP,5,Waiting Time : 8 Minutes,null,From 3 Visitors
Pulmonologist,500 EGP,5,Waiting Time : 1 Hour and 2 Minutes,null,From 3 Visitors
ENT Doctor,500 EGP,5,Waiting Time : 23 Minutes,null,From 3 Visitors
Internist,300 EGP,5,Waiting Time : 23 Minutes,null,From 3 Visitors
Gynecologist,150 EGP,5,Waiting Time : 8 Minutes,El Salam City : ElRabeaa Street-Branched From Omar Ibn Elkhatab Street-Gesr ElSuez,From 3 Visitors
Vascular Surgeon,500 EGP,5,Waiting Time : 46 Minutes,null,From 3 Visitors
Vascular Surgeon,500 EGP,5,Waiting Time : 50 Minutes,null,From 3 Visitors
Nutritionist,700 EGP,5,Waiting Time : 13 Minutes,El-Sheikh Zayed : Elmehwar Elmarkazi,From 3 Visitors
Physiotherapist,65 EGP,5,Waiting Time : 15 Minutes,El-Mansoura : Gomhoria,From 16 Visitors
Psychiatrist,250 EGP,5,Waiting Time : 1 Hour and 7 Minutes,null,From 3 Visitors
Psychiatrist,160 EGP,5,Waiting Time : 5 Minutes,null,From 3 Visitors
Dentist,150 EGP,5,Waiting Time : 8 Minutes,6th of October : Street 19-vranched from elkhazan street-neighborhood 3-Fifth district,From 3 Visitors
Cardiologist,300 EGP,5,Waiting Time : 13 Minutes,null,From 3 Visitors
Internist,500 EGP,5,Waiting Time : 35 Minutes,null,From 3 Visitors
Internist,500 EGP,5,Waiting Time : 29 Minutes,null,From 3 Visitors
Gynecologist,300 EGP,5,Waiting Time : 4 Minutes,null,From 3 Visitors
Internist,500 EGP,5,Waiting Time : 47 Minutes,null,From 3 Visitors
Nutritionist,700 EGP,5,Waiting Time : 32 Minutes,El-Sheikh Zayed : ElMehwar Elmarkazi,From 3 Visitors
Pediatrician,300 EGP,5,Waiting Time : 11 Minutes,null,From 3 Visitors
Psychiatrist,250 EGP,5,Waiting Time : 8 Minutes,null,From 3 Visitors
Rheumatologist,300 EGP,5,Waiting Time : 28 Minutes,null,From 3 Visitors
Cardiologist,400 EGP,5,Waiting Time : 8 Minutes,El-Sheikh Zayed : twin towers,From 3 Visitors
Gynecologist,200 EGP,5,Waiting Time : 8 Minutes,null,From 3 Visitors
Cardiologist,350 EGP,5,Waiting Time : 40 Minutes,null,From 3 Visitors
Pediatric Surgeon,500 EGP,5,Waiting Time : 8 Minutes,null,From 3 Visitors
Pulmonologist,500 EGP,5,Waiting Time : 1 Hour and 2 Minutes,null,From 3 Visitors
ENT Doctor,500 EGP,5,Waiting Time : 23 Minutes,null,From 3 Visitors
Scan Center,2 EGP,5,Waiting Time : 40 Minutes,null,From 3 Visitors
Laboratory,2 EGP,5,Waiting Time : 13 Minutes,null,From 3 Visitors
General Surgeon,300 EGP,5,Waiting Time : 8 Minutes,null,From 3 Visitors
Dermatologist,300 EGP,5,Waiting Time : 13 Minutes,null,From 3 Visitors
Neurologist,400 EGP,5,Waiting Time : 28 Minutes,null,From 3 Visitors
Dentist,200 EGP,5,Waiting Time : 8 Minutes,null,From 3 Visitors
Psychiatrist,250 EGP,5,Waiting Time : 25 Minutes,null,From 3 Visitors
Gynecologist,400 EGP,5,Waiting Time : 8 Minutes,null,From 3 Visitors
Dentist,350 EGP,5,Waiting Time : 8 Minutes,null,From 3 Visitors
Pulmonologist,300 EGP,5,Waiting Time : 22 Minutes,New Cairo : The  Northen 90 st,From 3 Visitors
Internist,400 EGP,5,Waiting Time : 1 Minute,null,From 3 Visitors
Allergist,400 EGP,5,Waiting Time : 8 Minutes,New Cairo : north teseen street,From 3 Visitors
Rheumatologist,250 EGP,5,Waiting Time : 17 Minutes,null,From 3 Visitors
Dermatologist,300 EGP,5,Waiting Time : 13 Minutes,null,From 3 Visitors
Dermatologist,200 EGP,5,Waiting Time : 37 Minutes,null,From 3 Visitors
Gynecologist,300 EGP,5,Waiting Time : 8 Minutes,null,From 3 Visitors
Cardiologist,450 EGP,5,Waiting Time : 35 Minutes,null,From 3 Visitors
Psychiatrist,250 EGP,5,Waiting Time : 8 Minutes,null,From 3 Visitors
Dentist,150 EGP,5,Waiting Time : 8 Minutes,null,From 3 Visitors
Physiotherapist,65 EGP,5,Waiting Time : 15 Minutes,El-Mansoura : Gomhoria,From 16 Visitors
Pediatric Surgeon,300 EGP,5,Waiting Time : 28 Minutes,null,From 27 Visitors
Gynecologist,150 EGP,5,Waiting Time : 13 Minutes,Mahalla : shokry elkoatly,From 27 Visitors
Surgical Oncologist,400 EGP,5,Waiting Time : 15 Minutes,Nasr City : Youssef abaas and Elnasr street interaction,From 55 Visitors
Dentist,150 EGP,5,Waiting Time : 5 Minutes,North Coast : Ali Ebn Abi Taleb Street,From 28 Visitors
Endocrinologist,600 EGP,5,Waiting Time : 17 Minutes,Heliopolis : Omar Ibn Al Khattab - Ismailia Sq.,From 84 Visitors
Dentist,300 EGP,5,Waiting Time : 10 Minutes,El-Maadi : 263 street from Al Nasr Road,From 1067 Visitors
Gynecologist,150 EGP,5,Waiting Time : 37 Minutes,Damietta El Gadeeda : al azhar hospital,From 57 Visitors
Dentist,200 EGP,5,Waiting Time : 7 Minutes,El-Shorouk : terrace mall,From 57 Visitors
General Surgeon,220 EGP,5,Waiting Time : 17 Minutes,Assiut city : elnemas,From 29 Visitors
Orthopedist,150 EGP,5,Waiting Time : 12 Minutes,El-Zaitoun : ElMatarya St,From 87 Visitors
Cardiologist,250 EGP,5,Waiting Time : 13 Minutes,El-Maadi : Elmansour Tower-Street 77 infront of Maadi Club Fence,From 236 Visitors
Cardiologist,300 EGP,5,Waiting Time : 30 Minutes,null,From 60 Visitors
Dentist,100 EGP,5,Waiting Time : 14 Minutes,Faisal : king faisal street- al Marioteya,From 60 Visitors
Cardiologist,400 EGP,5,Waiting Time : 11 Minutes,El-Sheikh Zayed : Downtown mall 2-besides total fuel station,From 90 Visitors
Ophthalmologist,210 EGP,5,Waiting Time : 26 Minutes,Bulkly : Bulkly / Al-Hadaya Tram Station / Al-Khaleej Building (A),From 220 Visitors
Gynecologist,200 EGP,5,Waiting Time : 10 Minutes,Port Said City : safya zaghlol and mashrak st,From 32 Visitors
Obesity Surgeon,250 EGP,5,Waiting Time : 27 Minutes,null,From 65 Visitors
Dentist,150 EGP,5,Waiting Time : 11 Minutes,6th of October : central axis 5th district - infront of el khazan street,From 33 Visitors
Ophthalmologist,250 EGP,5,Waiting Time : 8 Minutes,El-Maadi : Carrefour street,From 34 Visitors
Orthopedist,300 EGP,5,Waiting Time : 10 Minutes,Nasr City : block 10 emtedad abo dawoud,From 69 Visitors
Dentist,50 EGP,5,Waiting Time : 17 Minutes,null,From 3 Visitors
Plastic Surgeon,250 EGP,5,Waiting Time : 36 Minutes,null,From 3 Visitors
Psychiatrist,185 EGP,5,Waiting Time : 1 Hour,null,From 3 Visitors
Psychiatrist,160 EGP,5,Waiting Time : 5 Minutes,null,From 3 Visitors
Dentist,150 EGP,5,Waiting Time : 8 Minutes,6th of October : Street 19-vranched from elkhazan street-neighborhood 3-Fifth district,From 3 Visitors
Cardiologist,300 EGP,5,Waiting Time : 13 Minutes,null,From 3 Visitors
Internist,500 EGP,5,Waiting Time : 35 Minutes,null,From 3 Visitors
Internist,500 EGP,5,Waiting Time : 29 Minutes,null,From 3 Visitors
Internist,500 EGP,5,Waiting Time : 47 Minutes,null,From 3 Visitors
Nutritionist,700 EGP,5,Waiting Time : 32 Minutes,El-Sheikh Zayed : ElMehwar Elmarkazi,From 3 Visitors
Physiotherapist,65 EGP,5,Waiting Time : 15 Minutes,El-Mansoura : Gomhoria,From 16 Visitors
Orthopedist,400 EGP,5,Waiting Time : 16 Minutes,null,From 20 Visitors
Surgical Oncologist,300 EGP,5,Waiting Time : 19 Minutes,El-Giza : mourad,From 20 Visitors
Gynecologist,200 EGP,5,Waiting Time : 10 Minutes,null,From 20 Visitors
Ophthalmologist,200 EGP,5,Waiting Time : 8 Minutes,Tanta : Elgish st,From 62 Visitors
Dentist,90 EGP,5,Waiting Time : 13 Minutes,null,From 21 Visitors
Cardiologist,300 EGP,5,Waiting Time : 17 Minutes,Heliopolis : El nozha street-Smart Slim Clinic besides Administrative Oversight,From 21 Visitors
Dermatologist,300 EGP,5,Waiting Time : 8 Minutes,null,From 22 Visitors
Ophthalmologist,200 EGP,5,Waiting Time : 13 Minutes,null,From 22 Visitors
Orthopedist,250 EGP,5,Waiting Time : 10 Minutes,El-Zaitoun : Toman bai,From 22 Visitors
Ophthalmologist,350 EGP,5,Waiting Time : 8 Minutes,6th of October : Abdelkhalek tharwat,From 137 Visitors
Pulmonologist,300,,null,null,null
Cardiologist,300 EGP,5,Waiting Time : 30 Minutes,null,From 60 Visitors
Dentist,100 EGP,5,Waiting Time : 14 Minutes,Faisal : king faisal street- al Marioteya,From 60 Visitors
Cardiologist,400 EGP,5,Waiting Time : 11 Minutes,El-Sheikh Zayed : Downtown mall 2-besides total fuel station,From 90 Visitors
Ophthalmologist,210 EGP,5,Waiting Time : 26 Minutes,Bulkly : Bulkly / Al-Hadaya Tram Station / Al-Khaleej Building (A),From 220 Visitors
Gynecologist,200 EGP,5,Waiting Time : 10 Minutes,Port Said City : safya zaghlol and mashrak st,From 32 Visitors
Obesity Surgeon,250 EGP,5,Waiting Time : 27 Minutes,null,From 65 Visitors
Dentist,150 EGP,5,Waiting Time : 11 Minutes,6th of October : central axis 5th district - infront of el khazan street,From 33 Visitors
Ophthalmologist,250 EGP,5,Waiting Time : 8 Minutes,El-Maadi : Carrefour street,From 34 Visitors
Orthopedist,300 EGP,5,Waiting Time : 10 Minutes,Nasr City : block 10 emtedad abo dawoud,From 69 Visitors
Physiotherapist,65 EGP,5,Waiting Time : 15 Minutes,El-Mansoura : Gomhoria,From 16 Visitors
Surgical Oncologist,300 EGP,5,Waiting Time : 2 Hours and 54 Minutes,El-Ismailia city : Shbeen St.,From 42 Visitors
Ophthalmologist,200 EGP,5,Waiting Time : 15 Minutes,El-Mansoura : Suiz Canal Street-ElSabeaa Tower,From 70 Visitors
Ophthalmologist,300 EGP,5,Waiting Time : 15 Minutes,El-Sheikh Zayed : Zayed (Badr) mall,From 998 Visitors
ENT Doctor,100 EGP,5,Waiting Time : 26 Minutes,El-Mansoura : new bus street,From 183 Visitors
Cardiologist,250 EGP,5,Waiting Time : 37 Minutes,Mit Ghamr : el moahda street,From 71 Visitors
General Surgeon,140 EGP,5,Waiting Time : 16 Minutes,El-Mansoura : thawra,From 29 Visitors
Ophthalmologist,200 EGP,5,Waiting Time : 8 Minutes,El-Giza : Giza Square Al haram street,From 418 Visitors
Neurosurgeon,500 EGP,5,Waiting Time : 39 Minutes,null,From 15 Visitors
Physiotherapist,100 EGP,5,Waiting Time : 17 Minutes,Shibin Al Qanater : mostrad station,From 15 Visitors
Cardiologist,300 EGP,5,Waiting Time : 25 Minutes,El-Manyal : el saraya,From 15 Visitors
Cardiologist,400 EGP,5,Waiting Time : 11 Minutes,Heliopolis : ahmed fouad street,From 18 Visitors
Physiotherapist,300 EGP,5,Waiting Time : 9 Minutes,Hadayek El-Ahram : Gardinia Gate-First Gate-Health Happiness Center,From 18 Visitors
Dermatologist,200 EGP,5,Waiting Time : 17 Minutes,Ain Shams : Gesr Suez street  - alf maskan square,From 36 Visitors
Gynecologist,100 EGP,5,Waiting Time : 37 Minutes,Helwan : Mahmoud Khater Street cross Abdullah,From 73 Visitors
Vascular Surgeon,150 EGP,5,Waiting Time : 13 Minutes,Mahalla : elmashma square,From 37 Visitors
Cardiologist,500 EGP,5,Waiting Time : 24 Minutes,null,From 19 Visitors
Rheumatologist,300 EGP,5,Waiting Time : 27 Minutes,null,From 38 Visitors
Ophthalmologist,300 EGP,5,Waiting Time : 9 Minutes,Nasr City : Abo Dawoud El Zahry,From 232 Visitors
Dentist,100 EGP,5,Waiting Time : 12 Minutes,null,From 39 Visitors
Oncologist,400 EGP,5,Waiting Time : 1 Hour and 1 Minute,Tanta : El-Geish st.  with Al- Galaa st.- Al-Awkaf  tower,From 39 Visitors
Physiotherapist,65 EGP,5,Waiting Time : 15 Minutes,El-Mansoura : Gomhoria,From 16 Visitors
Neurologist,300 EGP,5,Waiting Time : 15 Minutes,El-Maadi : Ellaselki Street-New Maadi,From 24 Visitors
Ophthalmologist,500 EGP,5,Waiting Time : 15 Minutes,Heliopolis : Gesr El Swis- El Anaan Tower,From 132 Visitors
Gynecologist,200 EGP,5,Waiting Time : 27 Minutes,"Loran : Maher Bek st,",From 85 Visitors
Gastroenterologist,450 EGP,5,Waiting Time : 14 Minutes,New Cairo : North teseen street,From 184 Visitors
Surgical Oncologist,200 EGP,5,Waiting Time : 31 Minutes,Tanta : algalaa,From 37 Visitors
Gynecologist,200 EGP,5,Waiting Time : 12 Minutes,Heliopolis : El khalefa Elmamoan St,From 25 Visitors
Gynecologist,100 EGP,5,Waiting Time : 23 Minutes,Mahalla : Elshoun 23 Yolio street,From 25 Visitors
General Surgeon,300 EGP,5,Waiting Time : 12 Minutes,El-Maadi : El horreya square Street,From 50 Visitors
Ophthalmologist,150 EGP,5,Waiting Time : 16 Minutes,Mahalla : alshoun square al asar steet,From 100 Visitors
Dentist,200 EGP,5,Waiting Time : 13 Minutes,Nasr City : Abbas Elakad Street,From 238 Visitors
Ophthalmologist,200 EGP,5,Waiting Time : 32 Minutes,Hadayek El-Kobba : Masr we El Sudan,From 303 Visitors
Gynecologist,500 EGP,5,Waiting Time : 59 Minutes,Heliopolis : Ahmad El-Tahawi,From 38 Visitors
Ophthalmologist,200 EGP,5,Waiting Time : 9 Minutes,Mahalla : waboor alnor,From 318 Visitors
Internist,120 EGP,5,Waiting Time : 11 Minutes,Mahalla : Talaat Harb Square,From 166 Visitors
Gastroenterologist,300 EGP,5,Waiting Time : 22 Minutes,null,From 13 Visitors
Pediatrician,200 EGP,5,Waiting Time : 13 Minutes,null,From 13 Visitors
Urologist,300 EGP,5,Waiting Time : 20 Minutes,null,From 13 Visitors
Pediatric Surgeon,200 EGP,5,Waiting Time : 7 Minutes,El-Obour City : First District - Hijaz Center,From 13 Visitors
Dentist,100 EGP,5,Waiting Time : 10 Minutes,Hadayek El-Ahram : Elgiesh Street-Gate 4 Besides Reayah Pharmacy,From 26 Visitors
Ophthalmologist,300 EGP,5,Waiting Time : 7 Minutes,West El-Balad : alfy,From 302 Visitors
Surgical Oncologist,300 EGP,5,Waiting Time : 2 Hours and 54 Minutes,El-Ismailia city : Shbeen St.,From 42 Visitors
Ophthalmologist,200 EGP,5,Waiting Time : 15 Minutes,El-Mansoura : Suiz Canal Street-ElSabeaa Tower,From 70 Visitors
Ophthalmologist,300 EGP,5,Waiting Time : 15 Minutes,El-Sheikh Zayed : Zayed (Badr) mall,From 998 Visitors
ENT Doctor,100 EGP,5,Waiting Time : 26 Minutes,El-Mansoura : new bus street,From 183 Visitors
Cardiologist,250 EGP,5,Waiting Time : 37 Minutes,Mit Ghamr : el moahda street,From 71 Visitors
General Surgeon,140 EGP,5,Waiting Time : 16 Minutes,El-Mansoura : thawra,From 29 Visitors
Ophthalmologist,200 EGP,5,Waiting Time : 8 Minutes,El-Giza : Giza Square Al haram street,From 418 Visitors
Neurosurgeon,500 EGP,5,Waiting Time : 39 Minutes,null,From 15 Visitors
Physiotherapist,100 EGP,5,Waiting Time : 17 Minutes,Shibin Al Qanater : mostrad station,From 15 Visitors
Cardiologist,300 EGP,5,Waiting Time : 25 Minutes,El-Manyal : el saraya,From 15 Visitors
Physiotherapist,65 EGP,5,Waiting Time : 15 Minutes,El-Mansoura,From 16 Visitors
Dermatologist,200 EGP,4.5,Waiting Time : 35 Minutes,El-Ibrahimia,From 68 Visitors
Orthopedist,250 EGP,4.5,Waiting Time : 31 Minutes,6th of October,From 29 Visitors
Gynecologist,150 EGP,,null,El-Haram,null
Dermatologist,200 EGP,5,Waiting Time : 20 Minutes,Nasr City,From 90 Visitors
Pulmonologist,500 EGP,4.5,Waiting Time : 5 Hours and 6 Minutes,El-Ibrahimia : Omar Lotfy st lteram,From 361 Visitors
Gynecologist,200 EGP,4.5,Waiting Time : 26 Minutes,El-Haram : Khofo street - El kom El Akhdar - Haram,From 180 Visitors
Urologist,300 EGP,4.5,Waiting Time : 55 Minutes,Heliopolis : el sawra,From 2029 Visitors
Pediatrician,120 EGP,5,Waiting Time : 1 Hour and 12 Minutes,Victoria : El Galaa St.,From 302 Visitors
Psychiatrist,450 EGP,4,Waiting Time : 41 Minutes,Heliopolis : Mostafa Refaat,From 50 Visitors
Vascular Surgeon,400 EGP,4.5,Waiting Time : 11 Minutes,El-Manyal : El Manyal,From 69 Visitors
Orthopedist,250 EGP,4.5,Waiting Time : 17 Minutes,Victoria : El Galaa St.,From 228 Visitors
Vascular Surgeon,160 EGP,4.5,Waiting Time : 51 Minutes,Tanta : El Gaish st,From 154 Visitors
General Surgeon,400 EGP,4.5,Waiting Time : 9 Minutes,New Cairo : Corner mall In front of El Rehab,From 93 Visitors
Dermatologist,300 EGP,4.5,Waiting Time : 34 Minutes,El-Maadi :  El Horya Square,From 647 Visitors
Pulmonologist,250 EGP,4.5,Waiting Time : 29 Minutes,El-Matareya : Beet El Ezz 2 building - Matareya square - Building A - Third floor,From 296 Visitors
Internist,300 EGP,4.5,Waiting Time : 23 Minutes,"6th of October : Safa Clinics, Magda Square, Beside Resala, 6th October",From 891 Visitors
Phoniatrician,200 EGP,4,Waiting Time : 33 Minutes,Tanta : Elnahas cross kafr essam,From 135 Visitors
Orthopedist,300 EGP,4.5,Waiting Time : 22 Minutes,"Nasr City : 11 rabea buldings , behind tom & Bassal , 2nd floor",From 1266 Visitors
Gynecologist,200 EGP,4.5,Waiting Time : 42 Minutes,Miamy : Gamal AbdelNasser st,From 667 Visitors
Urologist,600 EGP,4,Waiting Time : 26 Minutes,El-Mohandessin :  shehab street,From 51 Visitors
Hepatologist,360 EGP,4,Waiting Time : 1 Hour and 5 Minutes,El-Dokki : altahrir,From 188 Visitors
Gynecologist,210 EGP,4.5,Waiting Time : 13 Minutes,El-Mansoura : abbasi street,From 100 Visitors
Internist,250 EGP,4,Waiting Time : 31 Minutes,Faisal,From 103 Visitors
Ophthalmologist,200 EGP,5,Waiting Time : 17 Minutes,Faisal : 27elshahid Ahmad Hamdy,From 122 Visitors
